ISO3,Country,Regional.group,Income.group,Government effectiveness,Business-government relations,Political stability,Corruption,Starting a foreign business,Intensity of local competition,Venture capital deals,Firm-level technology absorption,R&D expenditure,ICT access,Ease of doing business,Difficulty of hiring,Rigidity of hours,Difficulty of redundancy,Labour-employer cooperation,Reliance on professional management,FDI inflow,FDI and technology transfer,-,Prevalence of foreign ownership,Male adult migrants,Female adult migrants,Young male migrants,Young female migrants,Brain gain,Brain drain,-,-,Tolerance to minorities,Tolerance to immigrants,-,-,Social mobility,Female graduates,Female to male earnings ratio,-,-,-,-,-,Vocational enrolment,Tertiary enrolment,-,"Reading, maths, and science scores",QS university ranking,International students inflow,-,-,-,-,-,-,Quality of business schools,Extent of staff training,Firms offering formal training,-,-,-,-,-,-,-,-,-,Use of virtual social networks,Number of Linkedin users,-,-,-,Willingness to delegate authority,Voicing concern to officials,-,-,-,-,-,Pension system,-,Extent and effect of taxation,-,Pay level - head of organisation,-,-,-,-,-,-,-,Environmental performance,Safety at night,-,Female part-time workers,Physician density,Improved sanitation,-,-,-,-,-,-,Secondary-educated workforce w usa,Technicians and associate professionals,State of cluster development,Unemployment rate of secondary educated,-,-,-,-,-,-,-,-,Labour productivity per employee,Relationship of pay to productivity,Medium-skilled exports WITS,-,-,-,-,-,-,-,-,-,Tertiary-educated workforce w usa,"Legislators, senior officials and managers",-,Professionals,-,Researchers,Quality of scientific research institutions,Scientific and technical journals,Unemployment rate of tertiary educated,-,-,-,Innovation output,New product entrepreneurial activity,New business density,Highly-sophisticated exports,-,-,-,-,-,-,-,-
ALB,Albania,,,28.52069072,45.11728333,61.80810904,17.80821918,83.33333333,40.30375083,0,54.06826417,3.007059276,29.22077922,36,55.66666667,62,90,62.19078417,48.28003667,56.59719945,56.1607075,,42.68132417,6.28425793,7.888289406,8.024103698,21.18859635,43.16666667,42.33333333,,,47.12650417,41.89189042,,,30.82553333,88.834859,45.23809524,,,,,,11.28505445,52.57437581,,30.46340637,0,4.699446563,,,,,,,51.60058417,56.4991625,21.75141243,,,,,,,,,,67.51854833,,,,,45.87451167,34.50208983,,,,,,37.5879397,,45,,,,,,,,,,46.92233323,52.44506191,,,17.94122422,93.07604994,,,,,,,30.35993608,,24.84345917,46.66666677,,,,,,,,,18.98628766,58.73462083,24.12545174,,,,,,,,,,12.76252003,,,,,1.432942886,30.38453083,3.310856692,19.6013296,,,,15.4688701,,4.057279236,53.71428571,,,,,,,,
ARE,United Arab Emirates,Middle East and North Africa,High income,69.15663916,81.60088333,87.23566029,69.8630137,,78.49026667,13.41907076,84.6317,10.33666612,75.71428571,79.7,100,57.14285714,100,70.73691667,71.21341667,23.30634062,81.47155,,75.45486667,100,100,100,100,,,,,66.2277707,92.40839039,,,81.1906,81.19503557,30.95238095,,,,,,2.297424819,,,50.45230714,29.08661948,100,,,,,,,68.12035,66.0121,,,,,,,,,,,89.17746667,60.84467914,,,,63.10013333,31.43335383,,,,,,,,,,32.64113575,,,,,,,,76.21656461,100,,,31.20636467,97.16231555,,,,,,,28.63849577,69.15422619,74.22908333,92.30769231,,,,,,,,,100,66.48808333,11.18750427,,,,,,,,,,26.81744745,42.13483327,,42.37804994,,,63.04765,3.993013893,8.970099423,,,,29.11222137,62.16216216,6.443914081,62.28571429,,,,,,,,
ARG,Argentina,Latin America and Caribbean,Upper middle income,29.24916547,19.25057744,67.29752738,21.91780822,65,50.14947973,4.21431861,51.76994041,13.63648849,57.14285714,15.6,44.33333333,81.14285714,100,38.50130688,55.90515224,22.70784475,35.37842382,,60.02122986,11.82372762,12.37007161,5.997810565,24.14085103,23.5,37,,,79.72360142,75.95683541,,,43.65089449,87.01613584,39.28571429,,,,,,15.89788547,73.1935563,,31.09536522,43.20862824,,,,,,,,65.23565447,44.81533763,75.70621469,,,,,,,,,,82.78104353,34.17375492,,,,42.48554782,9.639822729,,,,,,46.73366834,,18,,62.45354899,,,,,,,,38.57557203,29.12026782,,67.9279282,51.98895925,95.80022701,,,,,,,45.69640073,64.179102,36.95373449,80.51282123,,,,,,,,,26.22061314,29.180619,30.61968263,,,,,,,,,,33.27948283,1.123595571,,11.58536585,,12.7571474,50.76684822,18.16632701,5.315614693,,,,42.15987702,18.91891892,2.100238663,,,,,,,,,
ARM,Armenia,CIS and Balkans,Lower middle income,35.50906592,54.33451393,68.32518113,24.65753425,100,59.69011949,26.17499646,55.99787709,5.622928455,39.48051948,68,66.66666667,62,90,63.21351282,48.23282701,38.33185262,64.19210581,,56.38337769,26.16780669,29.43055053,12.51416007,35.63586658,26,27,,,58.6620487,51.42730921,,,49.50681966,78.15837374,44.04761905,,,,,,16.40327537,43.4807314,,,0,12.26772055,,,,,,,40.47086761,42.71575299,36.5819209,,,,,,,,,,79.56460342,,,,,38.04682256,25.58439195,,,,,,31.75879397,,42.5,,,,,,,,,,58.10505962,82.29233486,,56.03603865,46.06267251,89.10329171,,,,,,,88.10641895,43.28358133,43.76355145,55.12820783,,,,,,,,,13.691916,55.55105051,23.06848961,,,,,,,,,,41.03392406,25.28089996,,45.42683043,,,35.72742872,34.83710555,60.1328904,,,,38.75864719,,7.255369928,46.28571429,,,,,,,,
AUS,Australia,Asia Pacific,High income,82.74231402,50.10155253,90.07718355,86.30136986,60.83333333,80.3590388,25.2247313,80.31828413,54.06480617,80,90.3,89,0,90,50.55292413,78.6701048,29.54230215,70.41991067,,80.55758947,66.60812007,62.89587242,55.04283134,64.85564246,62.16666667,51.83333333,,,93.93746764,94.75181615,,,80.24779693,67.1845339,90.47619048,,,,,,69.39893271,81.87818329,,81.26556153,86.75429727,70.84453206,,,,,,,67.56671733,58.5003632,,,,,,,,,,,89.7537704,69.5863593,,,,65.06897147,30.55146321,,,,,,90.65326633,,47,,45.96017895,,,,,,,,91.50821785,63.38608229,,82.88288229,62.39649294,100,,,,,,,44.44444577,65.17412589,54.4406764,92.56410292,,,,,,,,,77.68930284,40.941218,22.77662103,,,,,,,,,,54.60419774,62.35955538,,54.57317189,,46.84285968,79.0185668,76.44642117,3.654485126,,,,52.61337433,40.54054054,57.89976134,68,,,,,,,,
AUT,Austria,Europe,High income,81.16942902,65.03219282,98.15843004,69.8630137,62.5,80.50084645,32.61861893,79.32052294,62.4031753,84.15584416,73.8,100,57.14285714,60,75.61433581,72.73621341,15.63156048,61.63246936,,66.54160363,33.78916318,33.48894353,36.8351058,56.85998589,54.16666667,59,,,76.50618475,69.40147289,,,80.21189603,58.81511412,55.95238095,,,,,,80.84715537,69.24048853,,75.99184449,47.92719919,69.6742434,,,,,,,62.31500723,65.79007314,,,,,,,,,,,87.13335284,16.2591179,,,,59.64145838,72.88903651,,,,,,93.66834171,,36.66666667,,26.52296811,,,,,,,,84.9339349,89.40159054,,100,78.81149537,100,,,,,,,83.72456764,89.55223729,64.09623755,92.30769231,,,,,,,,,72.01940182,49.05247757,43.60022941,,,,,,,,,,32.31017691,28.08988884,,42.37804994,,48.1300323,67.3385161,49.69927134,2.325581156,,,,54.90007686,50,2.243436754,81.14285714,,,,,,,,
AZE,Azerbaijan,CIS and Balkans,Upper middle income,14.25928322,58.42333671,48.85258727,13.69863014,38.33333333,52.83381199,0,64.49175097,4.523292864,47.92207792,45.7,100,42.85714286,90,59.94762991,47.55419565,25.07413427,61.54373611,,48.90271769,9.108537392,9.361316372,4.768583204,17.73868865,51.66666667,41.66666667,,,62.17881074,59.08519869,,,46.98833375,56.41564065,42.85714286,,,,,,37.56882246,16.23463475,,27.57620079,19.44725312,8.945418325,,,,,,,35.26198097,48.63776917,8.474576271,,,,,,,,,,83.83196324,,,,,44.51489181,49.51538629,,,,,,35.07537688,,44.5,,,,,,,,,,48.11472768,69.46771649,,56.75675527,54.73291119,79.56867196,,,,,,,94.67918397,16.4179102,46.29023019,89.99999985,,,,,,,,,16.13447048,59.92102616,19.26873437,,,,,,,,,,26.33279295,6.741573591,,45.42683043,,,42.53013963,5.14899383,12.95681133,,,,15.94926979,,3.198090692,58.28571429,,,,,,,,
BEL,Belgium,Europe,High income,82.12794543,50.59501401,87.7418152,78.08219178,,82.876589,33.1318027,76.54833428,46.27076123,80.38961039,69,89,71.42857143,100,53.17273458,74.53415257,2.638542849,69.10790843,,75.22500883,22.05288133,18.90731408,35.58744878,56.63324462,47.5,56.33333333,,,81.51120556,79.99985265,,,79.21635693,73.09039974,67.85714286,,,,,,81.34814753,67.44507899,,79.90305872,66.73407482,29.25518023,,,,,,,82.55998327,64.89929639,,,,,,,,,,,85.47678141,67.96292479,,,,64.12991488,28.00537778,,,,,,91.35678392,,21.83333333,,36.78536971,,,,,,,,66.06509829,70.08145856,,98.55856676,61.2761812,100,,,,,,,45.07042027,76.11939817,63.48227204,82.30769246,,,,,,,,,77.20347479,44.69013512,36.93611129,,,,,,,,,,64.29725082,40.44943886,,61.58536469,,40.23928318,83.29907411,61.73350683,8.30564823,,,,59.31975404,36.48648649,11.69451074,78.85714286,,,,,,,,
BFA,Burkina Faso,,,18.42615989,58.63600179,50.57066182,27.39726027,,56.48594342,20.63079766,44.85025781,4.093876467,5.064935065,2,77.66666667,57.14285714,70,49.41385245,37.99157599,7.524007363,53.20633704,,51.9680702,7.592119984,7.920696909,15.17966868,39.45403129,20.66666667,27.16666667,,,98.52558645,75.7980939,,,44.0368325,4.996347558,60.71428571,,,,,,8.319585281,0.662390216,,,0,10.57882791,,,,,,,44.11990733,31.4466699,28.81355932,,,,,,,,,,53.51298391,,,,,17.16565105,16.79565766,,,,,,,,41.16666667,,,,,,,,,,24.02513696,66.17842537,,,0.633219679,6.923950057,,,,,,,,2.487562098,30.90873058,,,,,,,,,,0.716590116,34.534489,19.39524238,,,,,,,,,,,0,,0.914634137,,0.332224791,38.70613549,7.818259318,,,,,17.73635665,,0.572792363,39.42857143,,,,,,,,
BGD,Bangladesh,,,12.91393893,54.92167312,32.60004522,12.32876712,45.83333333,65.43294304,0,53.36908715,,7.142857143,12.7,55.66666667,100,60,51.39286338,42.89009062,10.99337687,48.06082565,,45.73846085,3.014872613,0.25414789,5.263131346,4.840808175,23.83333333,26,,,88.60147715,66.07818841,,,50.35137832,9.755877056,42.85714286,,,,,,6.481497465,9.531057496,,,5.763397371,0,,,,,,,45.14297367,35.19345592,24.57627119,,,,,,,,,,56.06912397,12.80952915,,,,28.54982533,6.671248628,,,,,,2.010050251,,43.66666667,,13.47819025,,,,,,,,0,85.15421113,,,5.650267901,48.58115778,,,,,,,,13.9303481,48.22031238,,,,,,,,,,2.89367015,43.51100947,20.56450743,,,,,,,,,,,21.91011383,,0,,,27.42252015,3.185762444,,,,,15.06533436,0,0.286396181,,,,,,,,,
BGR,Bulgaria,,,40.45690522,38.30094811,73.81135966,31.50684932,83.33333333,59.69018905,20.42350247,52.61469896,12.5672966,62.98701299,51.5,83.33333333,71.42857143,100,51.04256846,44.18370841,30.1372607,51.07871826,,50.11867756,1.759056331,2.270515796,4.486807291,17.30094493,14.83333333,15.5,,,74.23762533,58.14587464,,,39.7283302,78.09858459,63.0952381,,,,,,62.16308025,57.49962635,,50.05538647,6.808223795,12.95598904,,,,,,,44.03065701,37.26702761,37.14689266,,,,,,,,,,75.96282706,23.8544483,,,,36.25729697,18.82682048,,,,,,78.59296482,,37.5,,9.579593648,,,,,,,,61.87560425,51.67167116,,50.63063306,60.91898035,100,,,,,,,77.62127901,36.31840698,38.82826169,34.35897691,,,,,,,,,20.84130969,53.23716662,30.2196604,,,,,,,,,,42.97253591,35.95505826,,46.34146225,,17.64242043,43.52013244,21.71417511,32.22591494,,,,46.31053036,,42.95942721,63.42857143,,,,,,,,
BHR,Bahrain,,,52.03483193,77.55416763,37.96204585,41.09589041,,72.13186143,0,74.85071684,,74.93506494,60.2,100,33.71428571,80,65.62040017,58.79298536,27.54860783,71.95001436,,74.33035376,100,77.42906015,100,87.66348777,67.16666667,59.83333333,,,,,,,69.78722016,63.92645935,50,,,,,,15.01985967,30.48848814,,,6.100438153,30.30414215,,,,,,,51.50284483,55.60725998,,,,,,,,,,,89.09035006,36.77709463,,,,46.20555528,,,,,,,19.79899497,,86,,,,,,,,,,42.24943603,,,0,24.04611138,99.09194098,,,,,,,32.39436662,88.55720866,55.79023179,96.41025661,,,,,,,,,41.11058077,55.39492896,17.90281424,,,,,,,,,,15.83198699,38.2022499,,,,,33.35222965,4.039417059,3.32225953,,,,25.23059185,,,65.14285714,,,,,,,,
BIH,Bosnia & Herzegovina,CIS and Balkans,Upper middle income,23.1415672,59.23085,52.56106175,32.87671233,58.33333333,40.39791667,0,56.9583,0,43.50649351,11.7,44.33333333,90.57142857,70,60.3094,55.99058333,29.6957952,58.4899,,56.6105,1.304339123,1.28118224,0.801509879,2.753168608,,,,,37.79275803,50.21075033,,,16.57898333,76.43888127,,,,,,,80.15071071,34.91183407,,,0,21.00549722,,,,,,,61.54783333,52.29378333,88.98305085,,,,,,,,,,82.87825,,,,,43.07966667,28.10992433,,,,,,64.32160804,,,,,,,,,,,,32.51691911,62.22491724,,27.92792545,27.37457379,95.23269012,,,,,,,85.60249709,,15.99716667,23.58974461,,,,,,,,,26.70898729,49.01686667,27.18601234,,,,,,,,,,23.42487826,,,,,1.923843738,47.6295,5.546041224,54.15282649,,,,29.45810915,27.02702703,3.198090692,70.28571429,,,,,,,,
BOL,Bolivia (Plurinational State of),Latin America and Caribbean,Lower middle income,25.84406027,40.034751,53.43251429,21.91780822,25,47.22078046,0,49.03838132,3.096788075,23.24675325,1,22.33333333,62,0,47.66289311,46.8823853,31.38945096,43.14342292,,43.71944329,4.025329777,3.313938558,3.712417327,15.41395467,38.33333333,48.83333333,,,73.12970134,70.3336887,,,43.6154358,,78.57142857,,,,,,9.71785874,34.85685939,,,0,,,,,,,,38.57961479,42.84465352,70.05649718,,,,,,,,,,46.31759963,13.70974952,,,,44.33037347,76.47853219,,,,,,11.75879397,,41.5,,,,,,,,,,40.07412182,22.0989849,,60.90090506,,39.04653802,,,,,,,43.19248484,25.87064665,42.4415084,92.05128231,,,,,,,,,7.403298844,46.74478699,19.89972401,,,,,,,,,,23.42487826,10.67415763,,19.81707258,,1.588059595,38.59501936,2.787070295,17.60797285,,,,26.63335895,33.78378378,2.529832936,53.14285714,,,,,,,,
BRA,Brazil,Latin America and Caribbean,Upper middle income,32.99077071,56.86611849,67.28030199,32.87671233,0,66.36558603,9.505429851,66.65579275,26.06507169,52.07792208,22.4,22.33333333,28.57142857,100,52.27500125,62.7462314,24.50267283,69.09801167,,57.63222169,0.681365306,0.537378017,0.344921764,1.920048619,45.5,51.83333333,,,86.12300429,75.9011565,,,58.72290781,77.20191615,53.57142857,,,,,,,,,33.44200123,52.10650489,0,,,,,,,59.04377953,55.07275483,68.07909605,,,,,,,,,,83.8661159,37.47392548,,,,55.04156254,19.9197225,,,,,,59.09547739,,25.33333333,,94.94941545,,,,,,,,44.08636803,30.66772838,,76.39639833,28.51112194,78.20658343,,,,,,,40.5320828,35.32338072,58.75265815,80.00000122,,,,,,,,,14.84445945,43.90017382,31.53447298,,,,,,,,,,27.78675337,27.5280916,,19.81707258,,7.61224417,54.29717679,19.33126167,10.96345459,,,,33.05149885,0,10.21479714,59.42857143,,,,,,,,
BRB,Barbados,,,78.16040762,71.72120935,94.96320753,78.08219178,,70.20657642,0,69.2770965,,75.45454545,35,100,71.42857143,100,69.7584061,67.45710122,58.15168579,66.56365098,,76.28200285,17.68899291,26.78489571,35.58902643,59.03028501,61.16666667,55,,,,,,,76.41603862,95.69870127,58.33333333,,,,,,0,58.75610646,,,0,49.29956667,,,,,,,68.58872618,58.44787732,68.6440678,,,,,,,,,,85.90788691,,,,,50.42882553,,,,,,,83.41708543,,52.16666667,,,,,,,,,,32.04962939,,,,29.27423283,100,,,,,,,85.60249709,51.24377719,46.24568431,71.28205138,,,,,,,,,65.60405305,42.31040967,68.03893678,,,,,,,,,,29.72536214,44.38202491,,33.23170847,,,52.52597179,7.737771014,12.62458415,,,,37.79784781,13.51351351,,70.85714286,,,,,,,,
BWA,Botswana,Sub-Saharan Africa,Upper middle income,49.12773119,64.28051569,92.7514181,63.01369863,,62.14329515,0,55.66588271,11.31452691,27.27272727,52.5,100,71.42857143,60,49.8447978,67.41434202,15.88618182,52.18262571,,72.29404832,24.34760308,17.39981694,15.81528046,39.76285126,39,43.33333333,,,67.58207315,54.82102117,,,64.00977936,,36.9047619,,,,,,10.03303642,3.626904605,,,0,14.87270873,,,,,,,46.82439024,47.19674277,66.8079096,,,,,,,,,,73.79811138,,,,,45.90389697,36.16872362,,,,,,8.542713568,,59.33333333,,,,,,,,,,35.4334515,12.90967883,,53.33333585,5.32553986,59.13734393,,,,,,,24.88262792,29.35323263,42.93188699,54.10256782,,,,,,,,,,48.61939818,21.39719907,,,,,,,,,,0,31.46067497,,14.63414633,,,38.56772515,5.379454723,,,,,12.49039201,29.72972973,58.56801909,52,,,,,,,,
CAN,Canada,North America,High income,86.79699459,72.12169517,92.40603991,86.30136986,57.5,73.89484383,100,74.14377636,39.39140068,80.12987013,83.5,89,71.42857143,100,65.43433145,81.07156206,22.21857633,63.49481411,,77.01159715,45.4889786,46.38268983,44.67104292,61.6292638,68.66666667,60.66666667,,,100,100,,,83.18952956,71.53530332,82.14285714,,,,,,,,,85.48340147,88.06875632,,,,,,,,78.20043103,57.5319136,,,,,,,,,,,88.96059971,73.74565973,,,,66.97669074,43.10697017,,,,,,87.33668342,,54.16666667,,61.77093504,,,,,,,,76.5871737,87.96339428,,75.4954974,33.46322455,99.77298524,,,,,,,46.16588309,74.12935039,63.94790886,86.15384615,,,,,,,,,69.48869039,58.00730845,35.38349938,,,,,,,,,,75.12116131,52.24719432,,53.04878165,,47.80480941,74.44352869,75.61098134,9.6345522,,,,68.87009992,50,4.964200477,74.28571429,,,,,,,,
CHE,Switzerland,Europe,High income,90.33055035,78.1622575,100,91.78082192,,76.82382228,99.10719517,85.32415967,65.20788698,94.15584416,74.8,100,100,100,84.09622767,82.41730533,8.726530386,63.02066194,,71.18263461,66.02112382,63.14481296,55.15258797,65.10067074,84.66666667,80.33333333,,,81.98074237,75.4134442,,,89.10338594,49.85558992,100,,,,,,70.3633719,52.04245499,,83.83890334,87.12504213,57.95470825,,,,,,,84.84659739,76.24994683,,,,,,,,,,,86.45915989,46.67663727,,,,71.74046283,70.54357632,,,,,,95.37688442,,63.33333333,,42.29741651,,,,,,,,100,81.94332592,,98.91892163,66.1471018,100,,,,,,,60.71987216,87.56218951,71.34338206,91.7948723,,,,,,,,,64.76926373,70.67073483,44.0194095,,,,,,,,,,55.41195217,43.82022767,,69.20731591,,35.90713665,87.95425561,96.89710251,4.651162708,,,,100,45.94594595,11.93317422,89.71428571,,,,,,,,
CHL,Chile,Latin America and Caribbean,Upper middle income,72.43242457,74.83088625,74.16560792,72.60273973,33.33333333,72.92075917,12.75762563,68.2627225,9.108159827,54.15584416,70.9,66.66666667,100,80,60.67863625,63.36380917,82.09039792,69.78273271,,76.77148583,4.134884274,4.469030147,7.662554552,27.09973692,58.33333333,67.33333333,,,77.70234007,73.16081558,,,60.98244521,63.76707788,39.28571429,,,,,,48.73801515,68.74447776,,48.26924393,45.70273003,0,,,,,,,72.43962896,54.75255396,58.47457627,,,,,,,,,,85.67135958,54.67179173,,,,46.26581479,72.00794061,,,,,,57.48743719,,59.33333333,,100,,,,,,,,71.41475991,49.11738268,,61.44144424,16.52865725,98.52440409,,,,,,,72.76995131,61.6915399,51.27257208,87.69230861,,,,,,,,,31.17209173,56.57921396,21.82141946,,,,,,,,,,31.82552549,32.02247221,,27.74390301,,3.29271015,52.18341625,22.41235517,15.28239209,,,,38.08608762,100,27.01670644,48.57142857,,,,,,,,
COL,Colombia,Latin America and Caribbean,Upper middle income,36.86422325,60.09928446,31.31270236,24.65753425,16.66666667,67.67425622,4.099148795,56.0004633,3.667893571,37.27272727,63.2,89,62,100,57.68381146,54.64371765,34.15478532,60.35185061,,57.27626765,0.325767746,0.268532311,0.975286387,5.089972402,35.16666667,41.66666667,,,71.92905015,69.50474014,,,44.86881364,60.96564294,54.76190476,,,,,,13.34976935,42.42318615,,29.43849948,39.5685878,,,,,,,,54.68975425,45.63987323,73.72881356,,,,,,,,,,75.91454823,34.48739137,,,,48.13009524,86.66709417,,,,,,27.43718593,,32.5,,75.03819871,,,,,,,,40.54141154,29.16469181,,65.2252254,2.25685988,75.14188422,,,,,,,52.42566385,,46.42338503,78.46153877,,,,,,,,,15.06811137,43.19388425,23.20936941,,,,,,,,,,36.51050052,,,,,1.501328581,38.80192901,4.91443027,24.5847183,,,,33.91621829,97.2972973,9.403341289,58.28571429,,,,,,,,
CRI,Costa Rica,Latin America and Caribbean,Upper middle income,50.52129573,60.8683249,81.11658816,47.94520548,25,70.05826562,0,69.88417309,10.45111612,52.5974026,30.1,22.33333333,14.28571429,100,72.31555655,61.78775851,38.91756204,78.28972441,,75.17276,19.29871528,20.46950557,21.40964129,46.8696189,49.66666667,63.66666667,,,85.91524938,81.18384463,,,67.64985239,84.80316593,48.80952381,,,,,,31.16428532,44.20055293,,43.63851209,0,5.124161636,,,,,,,72.41851124,61.63250923,62.71186441,,,,,,,,,,83.99316848,45.3241728,,,,58.60804461,91.39977836,,,,,,58.3919598,,46.5,,,,,,,,,,53.0454399,41.44731948,,53.6936976,,92.84903519,,,,,,,41.47104752,64.179102,51.99504817,78.97435877,,,,,,,,,24.41048923,52.43870776,41.91139326,,,,,,,,,,37.64135487,15.73033748,,30.7926835,,13.9719807,63.28990863,6.299488557,12.62458415,,,,52.63259032,21.62162162,16.80190931,70.85714286,,,,,,,,
CYP,Cyprus,Europe,High income,76.02720226,54.39804979,81.13245929,61.64383562,73.33333333,70.81247827,0,70.67567815,10.61180392,64.54545455,66.1,66.66666667,100,60,61.20370921,43.13475369,29.88909656,61.04433856,,60.97767622,33.36964624,45.21155859,45.74264921,63.39026934,39.83333333,53.16666667,,,65.61662693,47.22112999,,,57.94187576,68.72383923,51.19047619,,,,,,13.65130173,43.99284441,,50.77646101,0,100,,,,,,,71.70887893,50.58457484,,,,,,,,,,,83.21910257,,,,,47.89765905,54.98735028,,,,,,,,53.83333333,,,,,,,,,,65.45278762,64.23999151,,66.84684983,44.56892353,100,,,,,,,45.22691837,61.19402558,51.01986442,69.48718015,,,,,,,,,46.21601498,48.28556789,100,,,,,,,,,,67.04361709,23.03370832,,51.21951219,,8.714232999,50.70346431,30.17795405,29.568107,,,,59.51191391,,100,77.14285714,,,,,,,,
CZE,Czech Republic,Europe,High income,62.84129459,44.90088645,91.18476843,41.09589041,66.66666667,80.43652997,3.727742825,65.82556918,41.62889817,66.49350649,42.8,100,100,100,53.82323125,55.91837484,41.48880553,68.26688354,,82.71418617,9.909786779,6.236824859,13.05971855,33.96457998,36.66666667,30.5,,,51.60640293,51.66804784,,,61.93405266,80.76718154,39.28571429,,,,,,81.2831063,62.61767018,,75.87853397,34.34445568,30.46155253,,,,,,,49.2150083,50.57281092,91.94915254,,,,,,,,,,82.98881314,20.33812507,,,,47.89000031,45.97595785,,,,,,95.37688442,,28.66666667,,23.23054595,,,,,,,,90.00966806,54.98797278,,80.36035694,60.07468745,100,,,,,,,100,93.03481854,52.30707676,85.64102615,,,,,,,,,43.8131662,60.40284372,50.65750191,,,,,,,,,,32.31017691,26.40449444,,38.10975551,,31.58084985,64.70170455,49.26617532,4.983389096,,,,55.09223674,55.40540541,13.98568019,77.71428571,,,,,,,,
DEU,Germany,Europe,High income,81.67677695,68.30944201,84.63503604,82.19178082,33.33333333,80.95202952,51.69745131,79.58265239,64.56559358,91.2987013,81.6,66.66666667,57.14285714,60,70.0361732,74.80707288,6.205478487,62.61120012,,67.97526915,25.65634376,25.49720396,24.14088187,48.23359686,61.5,68.16666667,,,85.39894025,85.90226708,,,76.05244942,68.81882683,71.42857143,,,,,,39.79635621,54.30270303,,82.40251051,78.26086957,26.86426445,,,,,,,68.27551951,68.66456125,43.6440678,,,,,,,,,,81.11677988,9.782185188,,,,64.93612004,61.03044264,,,,,,86.83417085,,45.83333333,,35.80289891,,,,,,,,88.3983242,84.03090605,,96.57657371,59.76619581,100,,,,,,,74.02190627,97.5124379,73.01138826,88.71794862,,,,,,,,,64.24773281,54.34225452,49.16751773,,,,,,,,,,45.39579917,27.5280916,,52.13414401,,43.21717773,79.67276428,50.64074399,3.32225953,,,,71.61798616,31.08108108,6.014319809,82.28571429,,,,,,,,
DNK,Denmark,Europe,High income,92.85985384,66.71062478,87.84113356,100,,74.62410205,75.94488312,78.74258524,70.29953854,87.01298701,96.2,100,85.71428571,100,80.71341349,82.51919658,11.15173715,62.37988477,,70.32231344,20.85190752,20.76010882,27.18711758,50.7607365,46.16666667,49.16666667,,,89.60758003,88.15377693,,,84.65578192,70.3305279,86.9047619,,,,,,53.78038546,71.90553232,,75.08211394,71.65487024,26.9296437,,,,,,,69.22111862,65.8776023,,,,,,,,,,,82.12484579,88.50702399,,,,83.48451383,100,,,,,,92.86432161,,29.66666667,,25.42760654,,,,,,,,82.6780535,86.64953688,,64.50450878,55.46354928,100,,,,,,,49.4522656,79.10447458,55.01358966,84.87179492,,,,,,,,,63.97932935,52.45592255,36.34393118,,,,,,,,,,51.05008013,15.16854024,,75.30487688,,73.6803383,72.46118813,100,11.29568177,,,,68.67794005,67.56756757,20.66825776,79.42857143,,,,,,,,
DOM,Dominican Rep.,Latin America and Caribbean,Upper middle income,20.78850457,57.94834167,71.40111744,15.06849315,33.33333333,65.338895,0,64.99715587,,24.28571429,21.4,55.66666667,42.85714286,100,59.15965294,43.71431563,46.42175714,71.75496857,,66.79613762,8.760249463,5.250697995,18.52351908,34.0225193,38.16666667,40.33333333,,,63.41602914,62.35266783,,,40.26249167,,,,,,,,9.001500983,30.35695559,,,0,,,,,,,,45.09549286,49.32864413,72.59887006,,,,,,,,,,81.69067849,15.39977926,,,,45.80793175,22.50836646,,,,,,26.53266332,,27.83333333,,,,,,,,,,44.52143087,20.45090644,,45.76576665,,79.9091941,,,,,,,36.93270409,29.35323263,43.53322056,52.82051659,,,,,,,,,25.0838861,41.81859603,34.50029829,,,,,,,,,,32.63327991,16.85393331,,18.59756155,,,28.05232802,0,41.19601397,,,,32.60953113,37.83783784,4.868735084,62.85714286,,,,,,,,
DZA,Algeria,,,20.706795,39.6817784,32.84307401,24.65753425,33.33333333,42.72281548,1.90259489,36.1341702,1.027532092,27.53246753,3,55.66666667,57.14285714,60,39.20640172,21.5930076,9.707967015,43.81549276,,36.94687473,1.618161471,1.373868579,1.846487736,7.263380466,16,18,,,20.84147251,44.63721119,,,35.55532226,85.08111314,0,,,,,,17.11825626,28.43187144,,,0,1.962520895,,,,,,,33.32644226,34.06223803,18.07909605,,,,,,,,,,68.45529235,25.45952086,,,,27.18297878,5.330805581,,,,,,74.47236181,,38.16666667,,14.48161745,,,,,,,,39.42958427,41.57322767,,,19.46744601,94.43813848,,,,,,,17.21439709,42.28855744,36.45496594,80.25641,,,,,,,,,20.20392957,30.28518759,18.9685038,,,,,,,,,,24.55573414,33.14606937,,11.8902436,,1.61695715,25.22648497,7.530997008,45.51495148,,,,0,28.37837838,2.386634845,59.42857143,,,,,,,,
ECU,Ecuador,Latin America and Caribbean,Upper middle income,21.93869698,46.5492,50.94222626,23.28767123,25,58.17343864,0,58.18003635,5.443699756,37.14285714,7.8,55.66666667,4.857142857,80,55.07190135,50.52144296,10.30291387,49.7691536,,51.64627361,4.237002808,3.714216659,9.330241489,28.55080071,51.66666667,50.66666667,,,74.00077503,56.50931588,,,51.39015,72.49183324,41.66666667,,,,,,43.46328428,36.13152677,,,0,,,,,,,,53.58812519,51.11671347,73.30508475,,,,,,,,,,68.63656201,39.69956236,,,,47.04160574,37.13786882,,,,,,26.03015075,,47.33333333,,52.13657238,,,,,,,,53.06155334,33.633663,,56.3964004,27.26091898,91.94097616,,,,,,,40.3755847,29.85074458,47.52037316,87.17948738,,,,,,,,,18.40052024,46.84756438,20.25446856,,,,,,,,,,33.60258275,16.85393331,,24.99999883,,0.93656625,40.69331079,1.103617931,12.29235856,,,,33.08993082,45.94594595,,49.71428571,,,,,,,,
EGY,Egypt,Middle East and North Africa,Lower middle income,14.52321238,36.00163107,29.40711606,19.17808219,66.66666667,51.07732669,2.921808532,53.40080858,9.351938325,35.32467532,13.6,89,85.71428571,40,47.47037789,35.51229915,12.38314289,53.10318477,,44.11413878,0.742208025,0.552108206,1.054620646,4.609449264,19.66666667,21.66666667,,,8.781687221,7.108959024,,,41.16752766,,11.9047619,,,,,,36.09529434,25.63368489,,,28.54735423,6.617916845,,,,,,,21.58123639,34.67648096,24.29378531,,,,,,,,,,81.85006115,3.204503291,,,,50.95284289,11.35989446,,,,,,54.87437186,,30.5,,33.91825578,,,,,,,,57.20270706,47.11345967,,,45.81912648,94.3246311,,,,,,,41.78403775,42.28855744,51.49124984,73.84615385,,,,,,,,,14.20819137,35.47093932,27.49026947,,,,,,,,,,31.01777107,46.06741663,,39.02439024,,5.560714174,27.8051982,16.29410586,41.19601397,,,,16.4104535,22.97297297,,55.42857143,,,,,,,,
ESP,Spain,Europe,High income,68.2978835,61.39160267,65.40231421,56.16438356,54.16666667,74.61193833,41.33355149,67.40783467,30.03648666,72.33766234,56.4,22.33333333,57.14285714,80,49.935017,58.568166,18.80216765,63.38657933,,66.41117733,28.92975681,26.72114384,39.54796528,60.35135002,30.83333333,31,,,83.28063465,85.58245103,,,61.47348967,69.18414334,51.19047619,,,,,,35.86227617,81.23010961,,71.33782883,55.173576,11.47284457,,,,,,,80.491,45.37901067,66.10169492,,,,,,,,,,82.062558,53.13911318,,,,45.88408233,52.95437879,,,,,,69.24623116,,32.66666667,,34.40446656,,,,,,,,87.30261038,80.76141258,,92.07206905,64.18249716,100,,,,,,,20.50078258,51.24377719,52.56570833,39.74359305,,,,,,,,,66.64902144,35.13852767,40.03927164,,,,,,,,,,56.21970659,28.08988884,,48.1707317,,30.57454596,59.459457,55.58767332,45.1827243,,,,50.65334358,31.08108108,12.79236277,75.42857143,,,,,,,,
EST,Estonia,Europe,High income,64.07997032,62.82871918,80.3683189,68.49315068,,76.53682012,71.6210891,73.0068258,53.89908257,75.19480519,80.6,66.66666667,28.57142857,80,65.63728118,70.71205542,50.48582521,67.84448848,,79.23877231,36.57149972,42.6726618,10.84218822,33.54939413,33.5,33.33333333,,,54.45537587,37.68729383,,,74.77083297,100,58.33333333,,,,,,40.2807233,69.91270524,,87.15690129,20.18874284,6.370011572,,,,,,,58.06283894,56.35249272,91.52542373,,,,,,,,,,90.17975984,,,,,57.92086178,25.56005713,,,,,,94.47236181,,55.16666667,,5.341452526,,,,,,,,79.03641637,63.77762899,,84.8648616,54.14840071,97.61634506,,,,,,,66.51017056,61.19402558,44.65740619,75.3846163,,,,,,,,,34.69607269,65.35949246,39.34723679,,,,,,,,,,60.09693028,50.56179992,,58.84146341,,37.47194744,65.56140488,63.40033173,15.61461769,,,,59.39661799,51.35135135,37.66109785,70.28571429,,,,,,,,
ETH,Former Ethiopia,,,24.0691854,41.84373097,28.08386095,20.54794521,17.5,50.53479072,0,47.24520211,5.070363859,2.077922078,16.6,66.66666667,100,70,46.47278494,35.34667523,20.91435894,48.15820646,,38.87609916,2.340221401,1.96097064,1.95198165,8.119841658,25.66666667,29.33333333,,,88.78123508,80.2801982,,,45.45656076,0,60.71428571,,,,,,13.31335448,4.409545488,,,0,0,,,,,,,42.095547,38.3302719,26.1299435,,,,,,,,,,48.93321143,,,,,34.43194578,30.93465443,,,,,,,,36.66666667,,,,,,,,,,22.26877216,66.212694,,56.03603865,0.227309628,9.988649262,,,,,,,,31.34328279,34.38084722,,,,,,,,,,0.253528891,38.0218797,19.5247233,,,,,,,,,,,14.04494442,,8.536585358,,0.274184414,35.52088114,5.815870128,,,,,12.45196003,16.21621622,0,0,,,,,,,,
FIN,Finland,Europe,High income,100,81.80117825,99.53291229,97.26027397,,63.04490895,100,83.86518982,86.09478291,80.25974026,89.4,55.66666667,42.85714286,50,69.20617684,88.4507236,0,57.31027404,,71.5897243,11.54818673,10.13662594,17.22419287,39.89333034,41.83333333,80.5,,,77.22397757,78.18205434,,,89.29567728,78.48465854,76.19047619,,,,,,65.16467659,94.5672194,,88.5966287,60.02696326,18.19944103,,,,,,,77.2685086,75.34467711,,,,,,,,,,,90.57056798,36.46617268,,,,79.00876114,52.37456332,,,,,,89.64824121,,47.33333333,,17.39585059,,,,,,,,80.74444086,80.36702901,,65.9459489,47.03685663,100,,,,,,,57.43348965,80.59700805,68.04962763,81.28205245,,,,,,,,,65.3247994,51.23535386,38.67661435,,,,,,,,,,61.71243913,29.21348333,,64.32926596,,81.37526689,78.17266526,85.75625856,8.30564823,,,,72.52113759,47.2972973,10.93078759,81.71428571,,,,,,,,
FRA,France,Europe,High income,74.63746536,46.14194068,79.17109219,72.60273973,73.33333333,75.31247175,72.1565847,74.33634775,51.00372649,84.02597403,67,33.33333333,14.28571429,60,40.65794124,62.90184491,11.40216784,60.00627301,,73.80316125,28.35183153,25.83639281,19.1772741,44.16946813,48,42.83333333,,,79.51106966,73.84452965,,,59.99670764,63.92510927,63.0952381,,,,,,41.10311984,54.85583545,,75.77605125,79.1371756,42.40966498,,,,,,,80.01272337,55.53652667,,,,,,,,,,,81.16177774,42.85898286,,,,44.68632695,61.086621,,,,,,87.2361809,,29.66666667,,21.47484773,,,,,,,,73.21946503,69.8230329,,99.09909907,54.76538399,100,,,,,,,51.79968339,97.01492359,56.78587675,76.92307876,,,,,,,,,70.55253703,47.19094593,45.26410377,,,,,,,,,,54.44264933,41.57303603,,50.30488037,,41.44886025,76.50615365,48.77889276,14.28571372,,,,61.54880861,35.13513514,13.60381862,80,,,,,,,,
GBR,United Kingdom,Europe,High income,80.30541135,67.69589242,75.71441556,79.45205479,83.33333333,83.97363788,92.58400054,77.55755644,40.11335128,90.64935065,91.3,89,71.42857143,100,67.25132121,81.2959678,22.24925749,69.18220076,,84.10685152,27.05049417,26.68474571,31.0128989,52.335887,80.5,66.83333333,,,89.32653743,81.36478403,,,74.60065871,66.57386491,67.85714286,,,,,,18.53529201,59.09085748,,76.92408261,100,60.19839567,,,,,,,81.45963258,62.15168068,,,,,,,,,,,93.87581667,88.99436553,,,,65.28118258,47.06483147,,,,,,93.16582915,,50.83333333,,15.84431337,,,,,,,,83.37093136,76.22609212,,87.74775557,44.76376035,100,,,,,,,50.70422653,54.22885361,67.64333712,80.51282123,,,,,,,,,68.7538578,63.30218523,41.04724847,,,,,,,,,,61.55088455,57.30337217,,71.95121718,,45.97908549,87.35772008,68.60353221,9.6345522,,,,76.26825519,43.24324324,52.55369928,79.42857143,,,,,,,,
GEO,Georgia,,,52.75416282,50.80901667,49.21918081,42.46575342,83.33333333,55.28726822,0,51.66844003,3.544974272,46.49350649,93.3,100,57.14285714,100,53.04987056,50.88780232,42.02435327,52.26448064,,51.36750887,10.18835374,9.431261299,10.16682579,28.44822686,29.33333333,34.66666667,,,77.09284394,56.11818554,,,60.41821667,73.15826525,28.57142857,,,,,,2.988238737,24.78761565,,21.84671807,0,6.003780564,,,,,,,44.79888043,43.64528468,8.474576271,,,,,,,,,,79.63178558,,,,,35.24339873,15.31317928,,,,,,,,54.16666667,,,,,,,,,,34.83725427,99.63246095,,56.03603865,68.76116253,92.50851305,,,,,,,77.77777711,26.36815859,37.10955909,63.84615522,,,,,,,,,13.32353633,51.10616975,0,,,,,,,,,,50.40387721,20.22471943,,38.41463472,,,29.20411971,16.07543527,64.78405192,,,,28.5933897,,23.0548926,65.71428571,,,,,,,,
GRC,Greece,Europe,High income,45.36251834,35.73366125,60.09557811,30.1369863,25,62.57472155,2.022640727,58.05849909,13.26406819,67.66233766,44.7,66.66666667,19.14285714,70,45.51336437,47.21591641,12.66120952,50.10737605,,56.29363513,17.78759993,13.5288189,42.61263358,58.08394592,21,35.83333333,,,29.23580016,27.98201412,,,47.30896691,75.11226136,44.04761905,,,,,,32.04340028,90.28765817,,60.96725788,28.64846646,14.93690902,,,,,,,47.43572251,41.24171033,21.89265537,,,,,,,,,,73.3354275,36.69946523,,,,39.77232066,6.255967238,,,,,,85.92964824,,25.66666667,,31.1920811,,,,,,,,76.81276184,31.23704646,,68.28828995,100,98.41089671,,,,,,,48.04381851,35.82089504,33.01446149,32.05128567,,,,,,,,,53.393231,36.3284156,26.0351966,,,,,,,,,,47.01130802,23.59550556,,53.35366086,,20.67219563,43.29810894,53.21192912,55.48172888,,,,29.03535742,50,,68.57142857,,,,,,,,
GTM,Guatemala,Latin America and Caribbean,Lower middle income,14.68397196,62.3159733,49.71846361,15.06849315,25,70.00058143,0,70.28868322,0.498773096,,40.8,44.33333333,42.85714286,100,68.69159564,53.42361674,21.25952888,64.04001821,,65.34936819,1.353563689,1.416710634,0.761943691,4.155020188,34.16666667,48.66666667,,,77.21575218,37.3158237,,,59.60971091,50.53287077,33.33333333,,,,,,57.66409708,14.40540019,,,0,,,,,,,,62.50092197,59.15294759,55.2259887,,,,,,,,,,76.24599601,31.39511101,,,,50.40300295,65.30501286,,,,,,19.89949749,,43.66666667,,30.00530146,,,,,,,,36.17466967,41.26772225,,80.72072556,15.00243546,77.52553916,,,,,,,27.54303593,,52.02710514,86.66666738,,,,,,,,,15.18807272,52.59931209,25.11503248,,,,,,,,,,10.17770603,,,,,0.085369183,35.65723929,0.680683496,9.6345522,,,,25.11529593,70.27027027,2.338902148,44,,,,,,,,
HKG,Hong Kong,Asia Pacific,High income,88.82619773,71.1113236,89.61851,78.08219178,41.66666667,81.93832694,9.873704488,81.4611,16.64469227,100,99.1,100,71.42857143,100,76.20574581,70.01245605,100,71.74601143,,85.25255078,75.41812633,90.2162355,76.53620305,76.30014864,79,73.16666667,,,75.02897406,80.69841078,,,78.0750845,57.37101335,,,,,,,2.658758146,58.0158991,,99.07594335,86.04651163,27.93626987,,,,,,,73.21431969,62.29518857,,,,,,,,,,,88.24087349,38.39770715,,,,60.35133977,17.12064261,,,,,,78.79396985,,82.83333333,,23.0702246,,,,,,,,,95.60077325,,54.77477597,,,,,,,,,60.2503898,100,68.89422818,93.84615415,,,,,,,,,78.88535285,75.74283783,56.20193117,,,,,,,,,,41.19547556,59.55056649,,18.90243931,,31.95258904,64.33160302,,4.318937111,,,,64.56571868,85.13513514,100,79.42857143,,,,,,,,
HND,Honduras,,,15.99625423,30.64329291,55.87667592,10.95890411,23.33333333,59.3089366,0,61.39805861,0.454137596,20.38961039,14.6,0,42.85714286,40,56.23088444,45.49032376,42.94632675,64.38790723,,61.13213733,0.907622763,0.647460603,0.549337964,4.171481572,28,26.33333333,,,64.33384959,55.12465608,,,49.62573163,75.44821368,28.57142857,,,,,,,17.17546977,,,0,2.603594859,,,,,,,39.33120924,49.10558676,41.38418079,,,,,,,,,,70.86522955,,,,,43.20718473,45.51329481,,,,,,16.88442211,,19,,,,,,,,,,37.4798582,34.52028663,,50.27027131,5.910050333,77.97956867,,,,,,,20.97026494,,49.0070831,80.00000122,,,,,,,,,,38.93629241,28.69407108,,,,,,,,,,9.854603803,,,,,,30.79801487,0.591417434,17.27574726,,,,15.94926979,,,38.85714286,,,,,,,,
HRV,Croatia,CIS and Balkans,High income,56.47635718,40.97539635,79.79404598,41.09589041,45.83333333,58.73174745,6.855920424,60.88100061,16.65430607,67.27272727,36.9,39,42.85714286,50,41.55698439,47.48050263,19.71266434,50.05790181,,52.57303028,36.84591334,37.46554879,47.90270534,59.76011485,14.83333333,21.16666667,,,62.34563029,50.51431702,,,43.27135729,71.65517092,64.28571429,,,,,,76.34060973,56.65333002,,68.21110051,7.785642063,0,,,,,,,53.27918557,38.68207032,34.46327684,,,,,,,,,,76.92188156,32.01328436,,,,40.14191564,15.69949456,,,,,,75.87939698,,21.83333333,,11.46651324,,,,,,,,59.00741218,68.65684299,,52.61261236,43.95194025,97.9568672,,,,,,,82.94209505,59.2039778,37.23044967,65.64102646,,,,,,,,,41.18692157,46.77654193,36.71606555,,,,,,,,,,34.89499168,24.15730548,,40.24390127,,17.20843163,50.49602147,55.93945601,24.25249112,,,,44.50422752,25.67567568,13.31742243,69.71428571,,,,,,,,
HUN,Hungary,Europe,High income,54.28684106,35.45456719,82.03388509,49.31506849,,71.34259038,2.742409549,61.45095291,26.86416159,64.67532468,54.4,89,14.57142857,100,52.81308353,43.78006722,76.81808818,71.14173643,,75.60659803,10.39104288,9.414338544,12.55805801,33.76997633,26,25.83333333,,,71.40182067,63.72103735,,,41.17464091,84.61372113,59.52380952,,,,,,32.44125122,57.37669197,,70.05310338,24.40175261,15.4017448,,,,,,,55.10842223,43.62690472,14.26553672,,,,,,,,,,76.21205856,14.19919946,,,,32.43367874,67.63194789,,,,,,91.95979899,,28.83333333,,18.42892298,,,,,,,,71.97873026,49.63284574,,71.17117018,55.20376685,100,,,,,,,81.69014009,67.16417841,37.86821529,75.12820508,,,,,,,,,36.79724527,46.61055655,50.9721672,,,,,,,,,,39.57996671,32.02247221,,47.56097619,,25.11168755,69.32134278,39.86113119,10.29900339,,,,59.10837817,21.62162162,22.52983294,76,,,,,,,,
IDN,Indonesia,Asia Pacific,Lower middle income,28.21950223,63.63613019,51.6407316,19.17808219,13.33333333,67.09083086,2.073735229,68.02331733,1.410252889,27.79220779,18.5,27.66666667,71.42857143,40,59.37895933,65.35310533,20.19578652,65.9801501,,60.11631267,0.088060166,0.051066336,0.306955982,0.758922284,55.16666667,51.16666667,,,58.19279287,8.686728173,,,55.37510895,46.75388328,32.14285714,,,,,,36.96203811,24.03517678,,25.76697008,31.91776205,0,,,,,,,57.44671552,59.94568562,0.423728814,,,,,,,,,,82.02491648,15.19471458,,,,57.03606238,19.29625233,,,,,,10.55276382,,54.5,,25.97665404,,,,,,,,30.21269739,96.13730149,,34.59459372,3.182334795,53.12145289,,,,,,,18.46635204,6.467661216,57.10292867,63.07692399,,,,,,,,,8.699325377,57.26880876,28.28659787,,,,,,,,,,11.47011265,9.550562475,,10.9756096,,0.791644863,52.19513657,0.488629828,35.2159469,,,,34.51191391,16.21621622,1.241050119,54.28571429,,,,,,,,
IND,India ,Asia Pacific,Lower middle income,31.35918917,57.33324731,35.16550496,24.65753425,69.16666667,75.86033552,29.04146571,67.47607588,16.84246187,13.24675325,8.8,100,100,30,56.63109258,59.76283879,14.20462455,67.36655874,,55.225113,1.203840929,1.223835018,0.144373981,0.906946959,45.33333333,46.33333333,,,79.04733149,26.46921506,,,60.94528385,,13.0952381,,,,,,1.674508605,19.97523559,,4.805930918,46.24199528,0,,,,,,,67.09346076,52.71001527,16.10169492,,,,,,,,,,72.56225415,36.06402798,,,,47.79504866,34.75020635,,,,,,9.849246231,,45.16666667,,25.71172916,,,,,,,,9.055752498,56.51403618,,,10.40753369,26.33371169,,,,,,,39.12362974,11.94029795,64.70446665,,,,,,,,,,6.21220724,51.20550118,29.24446578,,,,,,,,,,15.83198699,31.46067497,,10.9756096,,1.316667522,58.14202813,17.09582365,,,,,42.17909301,36.48648649,0.429594272,64,,,,,,,,
IRL,Ireland,Europe,High income,80.38602202,75.58251339,88.35426352,73.97260274,40,71.54690527,100,76.96182892,39.61228918,79.35064935,86.5,89,100,90,72.57160128,77.5104206,99.54743562,88.70727986,,81.68318937,33.99858956,33.28807931,44.10516007,62.86666485,67.16666667,50.83333333,,,95.84086582,89.54868296,,,75.64353684,62.95698316,71.42857143,,,,,,32.81039361,71.79082453,,82.59779285,62.99292214,38.24843617,,,,,,,71.12324245,63.51847151,97.03389831,,,,,,,,,,85.35342829,100,,,,66.34283635,40.42663216,,,,,,88.84422111,,41.16666667,,42.0344768,,,,,,,,79.05252981,72.60588458,,79.09910113,51.38821237,98.86492622,,,,,,,41.62753965,49.25372941,63.34451744,45.1282092,,,,,,,,,81.59330712,55.33447322,35.98315189,,,,,,,,,,67.04361709,42.13483327,,65.54878281,,37.36789855,76.31903197,58.10727487,24.91694231,,,,71.32974635,51.35135135,21.33651551,91.42857143,,,,,,,,
IRN,Islamic Republic of Iran,,,21.03843336,40.53516454,33.31753562,9.589041096,,55.62386659,0,49.81448923,17.54518486,41.55844156,3.9,66.66666667,76.28571429,50,44.52683865,39.54382153,10.93660282,46.94093384,,19.28962901,8.923396869,5.250846124,12.96970888,28.84190678,13.33333333,22.33333333,,,61.69762555,46.76043171,,,45.93377316,23.57539098,5.952380952,,,,,,23.47614456,52.89531607,,,15.6049882,0,,,,,,,47.39385189,33.46209689,,,,,,,,,,,38.82898563,10.11831668,,,,34.37802797,37.87073606,,,,,,40.20100503,,42.16666667,,,,,,,,,,41.04092813,46.04397944,,,14.32050658,99.54597049,,,,,,,23.16118761,20.89552245,40.62806556,69.48718015,,,,,,,,,32.85094493,35.60566725,21.07877754,,,,,,,,,,30.37156506,13.48314718,,23.17073228,,8.014334066,54.01837644,27.7079006,42.52491636,,,,14.58493467,21.62162162,,,,,,,,,,
ISL,Iceland,,,79.115008,46.46321543,95.5053284,82.19178082,,63.96244822,41.03336479,86.51441088,60.07091322,94.67532468,88.4,55.66666667,28.57142857,100,74.42394141,71.71499114,30.3116364,46.24529326,,35.42601507,20.22632166,20.70923208,35.04956189,56.21303353,40.16666667,57.33333333,,,96.00989499,96.40967233,,,81.26008021,91.66459735,69.04761905,,,,,,44.51744544,79.50305199,,69.13818542,0,20.83486808,,,,,,,70.15644835,60.91788888,,,,,,,,,,,94.46076677,,,,,67.51975209,53.77367849,,,,,,86.63316583,,33,,,,,,,,,,82.00128908,88.37250536,,73.33334066,55.98311414,100,,,,,,,39.43661997,78.60696027,50.55681096,91.7948723,,,,,,,,,68.35098251,51.17734449,23.28525676,,,,,,,,,,50.08077421,50.56179992,,69.20731591,,100,64.61739568,71.1326085,4.983389096,,,,74.03920061,52.7027027,38.85441527,79.42857143,,,,,,,,
ISR,Israel,Middle East and North Africa,High income,72.41696366,55.8830886,39.57546058,58.90410959,,61.48822959,100,84.49788261,100,79.09090909,70,89,71.42857143,100,57.46345545,58.61699946,34.26938922,71.2939545,,66.55068032,70.89957823,78.07209001,32.94537854,55.3604323,42,47.16666667,,,33.53411454,18.86503984,,,57.05605176,,58.33333333,,,,,,38.52436344,60.33828525,,64.64469896,56.65655544,,,,,,,,61.40941725,54.02385608,,,,,,,,,,,84.62796167,40.23172808,,,,56.80993622,39.84336377,,,,,,89.04522613,,45.66666667,,23.12225607,,,,,,,,64.72768289,57.04721452,,79.459456,50.33284624,100,,,,,,,47.41783805,84.5771131,52.81499955,83.84615492,,,,,,,,,59.93629199,50.63715811,41.02301114,,,,,,,,,,72.85944647,43.82022767,,47.56097619,,,89.19518342,87.92971832,7.973421841,,,,72.11760184,62.16216216,13.98568019,75.42857143,,,,,,,,
ITA,Italy,Europe,High income,48.3035044,30.99092485,78.02805153,34.24657534,41.66666667,65.85400337,6.237690192,53.11903049,28.12974967,73.63636364,49.6,72.33333333,52.57142857,60,40.13286165,42.4884909,8.132405177,44.49674725,,41.25732321,17.86571731,19.24672257,29.77606134,51.46170635,23.16666667,27.66666667,,,78.02997617,73.05460135,,,43.60580964,76.50973623,44.04761905,,,,,,75.68894385,61.86843111,,71.32523076,51.87057634,13.36109034,,,,,,,66.26638713,36.77217592,,,,,,,,,,,79.87693955,57.8647128,,,,34.90304765,46.8660697,,,,,,90.05025126,,17.16666667,,34.25664004,,,,,,,,78.55301321,63.22216322,,90.99099068,56.4702062,,,,,,,,56.65101706,83.08457014,74.81362653,76.41025631,,,,,,,,,63.38893312,29.26005007,40.84740766,,,,,,,,,,28.91760772,21.91011383,,39.63414575,,19.14095469,57.08493522,48.9740986,17.60797285,,,,53.34358186,68.91891892,8.973747017,77.14285714,,,,,,,,
JOR,Jordan,Middle East and North Africa,Upper middle income,35.50716964,59.1628,53.02049594,36.98630137,33.33333333,71.20433333,26.88284735,76.53878333,9.453341024,45.06493506,19.5,89,71.42857143,40,59.97836667,50.18295,35.34110175,68.25795,,59.39808333,85.34616736,80.4568692,100,87.73391204,,,,,18.11470533,21.95010973,,,55.98721667,47.50908289,5.952380952,,,,,,7.162940513,37.17953455,,31.66647429,13.11088642,35.4821077,,,,,,,59.60603333,47.93356667,27.40112994,,,,,,,,,,83.42285,22.3831326,,,,53.08405,0,,,,,,52.66331658,,,,,,,,,,,,48.61424428,83.14544433,,,41.40282513,97.84335982,,,,,,,18.62284716,,58.25843333,77.43589876,,,,,,,,,21.28949836,52.20681667,29.68156238,,,,,,,,,,45.71889909,,,,,,46.26435,31.41678294,47.84053224,,,,34.45426595,45.94594595,4.534606205,54.28571429,,,,,,,,
KAZ,Kazakhstan,CIS and Balkans,Upper middle income,23.90755006,65.92014944,56.50558858,10.95890411,66.66666667,55.78329579,0,60.45917492,3.102052775,66.49350649,58.3,100,52.57142857,70,61.32037071,54.33468119,52.38514349,55.98174901,,49.49748238,62.8058311,53.35298588,32.0164221,52.82943966,49,37.83333333,,,79.67824684,78.2469835,,,50.80700385,,53.57142857,,,,,,13.76430702,41.91427294,,39.64454433,33.73778227,4.921628851,,,,,,,46.95632325,52.42653417,52.54237288,,,,,,,,,,71.30975782,,,,,48.02785746,31.77420575,,,,,,62.31155779,,47.5,,23.22545279,,,,,,,,41.0248147,43.42783842,,,62.21789252,96.93530079,,,,,,,52.42566385,42.28855744,34.24820147,81.53846123,,,,,,,,,22.31858483,64.39244159,22.306262,,,,,,,,,,80.77544227,35.95505826,,38.41463472,,6.969895188,36.89893393,1.049050524,1.328903574,,,,19.44657955,1.351351351,8.019093079,57.14285714,,,,,,,,
KGZ,Kyrgyzstan,CIS and Balkans,Low income,17.68014821,40.17321725,43.90310807,8.219178082,66.66666667,54.68338608,0,44.96722392,3.081451775,,47.6,66.66666667,52.57142857,100,52.09979671,36.39264238,45.64639585,42.71544558,,48.58233529,12.45225147,13.91477284,4.696938587,18.05847344,15.16666667,15.16666667,,,63.14196023,46.9348359,,,43.88489654,78.76171373,45.23809524,,,,,,18.20416741,38.63136781,,0,0,22.51893765,,,,,,,28.40280492,36.63449188,35.59322034,,,,,,,,,,65.76838688,,,,,32.83192508,30.01850871,,,,,,40.10050251,,38.16666667,,,,,,,,,,24.20238479,39.52934722,,,39.95778535,92.39500568,,,,,,,69.79655307,29.85074458,28.30750708,72.56410262,,,,,,,,,4.262157412,55.66925875,15.28799676,,,,,,,,,,4.038772114,12.9213486,,28.04877932,,,22.13714413,4.14906964,100,,,,9.166026134,,4.248210024,49.14285714,,,,,,,,
KHM,Cambodia,Asia Pacific,Low income,12.74018734,52.63141716,62.35742332,2.739726027,45.83333333,64.94874608,0,59.82099387,0.642980095,21.55844156,6.8,55.66666667,62,70,55.62595784,52.36163922,79.34596122,64.8003473,,60.13261936,1.318345803,0.929851834,1.11646355,5.762298757,46.66666667,49,,,45.7354046,8.709922033,,,45.73867353,30.8660024,64.28571429,,,,,,4.676248792,12.29867045,,,0,0,,,,,,,44.55215368,50.59862279,62.00564972,,,,,,,,,,67.73724387,,,,,45.62455025,13.98980897,,,,,,0,,54,,,,,,,,,,15.83951015,56.82476263,,,3.604481247,24.06356413,,,,,,,15.6494519,8.457710776,52.34006152,,,,,,,,,,3.037815426,56.64899755,21.55562237,,,,,,,,,,4.52342469,3.370786795,,4.573170868,,0,37.18250392,2.963189119,,,,,22.13681783,,,18.28571429,,,,,,,,
KOR,Korea,Asia Pacific,High income,70.90264195,57.92285125,69.732626,50.68493151,70.83333333,81.43399166,10.66496829,78.47600268,85.06152832,88.31168831,94.2,55.66666667,52.57142857,70,41.87404607,61.5514054,10.69699191,58.22600624,,54.108426,6.039645506,4.128868387,6.963314879,25.06291893,52.33333333,57,,,71.04980217,58.46644108,,,46.07743987,51.28045208,33.33333333,,,,,,22.12250603,100,,94.24764631,76.64307381,6.672042294,,,,,,,57.50470749,53.53429752,49.43502825,,,,,,,,,,81.10328834,0,,,,48.09079814,33.32897609,,,,,,79.79899497,,37.16666667,,29.74840444,,,,,,,,61.5211086,64.37611541,,64.68468622,32.73258646,100,,,,,,,49.29577347,50.74626762,57.61500518,89.48717984,,,,,,,,,53.17717767,60.04013477,55.04206033,,,,,,,,,,56.54280959,12.9213486,,28.04877932,,59.70567274,65.80511745,56.17289184,1.328903574,,,,57.4942352,52.7027027,9.546539379,81.14285714,,,,,,,,
KWT,Kuwait,Middle East and North Africa,High income,34.35343019,39.75289514,70.08277007,34.24657534,,58.45365153,0,64.92888559,1.479380688,,28.2,100,42.85714286,100,56.57717189,43.97266009,12.17964332,37.47286689,,35.46829387,100,78.89389526,100,93.12393501,47.66666667,41.16666667,,,74.91932351,69.80065287,,,58.18470667,,50,,,,,,3.533680878,18.97333594,,,4.954499494,,,,,,,,48.1940427,45.57965802,,,,,,,,,,,83.99785622,22.01799125,,,,51.31870225,49.84774295,,,,,,,,69.83333333,,,,,,,,,,61.76281018,95.04091639,,,28.98197759,100,,,,,,,15.96244213,37.31343324,42.36434311,,,,,,,,,,76.07914683,43.97266009,17.77033999,,,,,,,,,,30.85621956,11.23595554,,25.30487804,,1.252605004,35.17392054,4.579226033,,,,,49.86548809,,,61.71428571,,,,,,,,
LBN,Lebanon,Middle East and North Africa,Upper middle income,26.7664155,39.33882749,25.31600213,13.69863014,,75.61556593,0,58.21660675,,59.22077922,24.3,55.66666667,81.14285714,70,52.7668819,41.77366069,66.75247021,43.78003476,,47.45901264,38.85988815,33.78445134,59.03966924,66.82355716,23.66666667,28,,,28.61526872,48.76387641,,,50.6946597,66.28733507,13.0952381,,,,,,29.99187858,43.70876383,,,22.98618133,45.78730735,,,,,,,73.43282251,44.82334273,67.65536723,,,,,,,,,,77.75982649,22.87520309,,,,37.58650571,2.976384262,,,,,,8.140703518,,48.5,,,,,,,,,,39.54237834,54.88809427,,,57.34697191,98.07037457,,,,,,,12.05007915,45.27362911,36.9267068,77.43589876,,,,,,,,,,51.66774013,31.4247678,,,,,,,,,,39.09531529,66.85393331,,30.7926835,,,27.43603268,13.73263572,31.89368776,,,,26.17217525,35.13513514,,56,,,,,,,,
LKA,Sri Lanka,Asia Pacific,Lower middle income,29.77595306,65.63906667,48.38947871,26.02739726,25.83333333,76.88802118,3.997766325,68.01601333,3.088547675,24.41558442,39.9,100,42.85714286,40,58.73686752,66.26925821,13.72536892,62.80184626,,65.21630305,3.37948857,2.927096777,4.383731402,18.52002922,25.83333333,32.16666667,,,87.47490554,49.96567309,,,69.65715,76.92124468,23.80952381,,,,,,12.03887513,10.81814218,,,4.617458713,0,,,,,,,62.88249695,52.8841487,12.14689266,,,,,,,,,,66.71577191,24.6683506,,,,50.98787443,41.66241903,,,,,,23.71859296,,47.5,,13.56211711,,,,,,,,45.55269094,81.4380333,,,7.858418574,89.89784336,,,,,,,8.920188774,24.87562038,49.29267837,83.33333369,,,,,,,,,11.62026563,54.91982638,21.71265952,,,,,,,,,,27.14054737,46.62921655,,17.07317131,,0.940047583,50.0740763,3.500327932,28.23920145,,,,30.13066872,,2.291169451,48,,,,,,,,
LTU,Lithuania,Europe,Upper middle income,60.27971507,45.58430804,84.00883792,53.42465753,,73.03757359,56.05050972,70.2172226,20.54125694,64.80519481,85.5,100,24,80,54.2179351,59.43835247,18.3158408,72.44181003,,55.73429485,11.25393705,11.96373104,5.803584583,21.10243174,19,25.5,,,53.10235065,39.97330796,,,59.9538741,86.38591483,64.28571429,,,,,,23.49192708,75.0254436,,68.90094907,17.76204921,5.735546987,,,,,,,56.13371423,52.1558067,59.74576271,,,,,,,,,,87.1500924,23.17544793,,,,48.54490544,10.62850704,,,,,,82.81407035,,32.66666667,,0,,,,,,,,57.44440864,34.52156925,,66.12612634,58.98684851,84.90351873,,,,,,,73.86541414,54.72636793,38.55830876,60.00000153,,,,,,,,,40.61273145,61.42314393,33.27769271,,,,,,,,,,59.9353757,51.12359984,,66.76829384,,30.09496842,64.09795515,25.12800948,13.62126253,,,,36.95234435,43.24324324,22.33890215,69.71428571,,,,,,,,
LUX,Luxembourg,Europe,High income,84.07879732,79.34268681,98.43985264,84.93150685,,68.74717348,25.3947814,81.71197755,32.14282444,96.75324675,50.5,22.33333333,28.57142857,70,68.93555382,76.08837103,100,75.03343461,,88.43220044,100,91.30749934,100,78.50891859,73.83333333,67.66666667,,,92.64735897,89.60649024,,,80.86811667,49.92012845,100,,,,,,63.03974975,14.7461173,,71.36137029,0,100,,,,,,,57.50718775,73.07595093,,,,,,,,,,,85.20506603,,,,,62.32742216,82.06060576,,,,,,100,,70.33333333,,,,,,,,,,92.94231389,75.32297548,,99.81982256,44.99106998,100,,,,,,,42.56651035,88.05969434,62.31507995,88.97435984,,,,,,,,,90.17695561,53.29907402,35.911666,,,,,,,,,,66.55896567,23.59550556,,100,,55.90551208,64.3406649,16.56719858,7.308969856,,,,74.15449654,70.27027027,100,100,,,,,,,,
LVA,Latvia,Europe,Upper middle income,60.32780598,45.16427333,76.24004216,47.94520548,,73.25130684,41.45242275,61.72267641,15.57023568,61.94805195,78.7,50,71.42857143,80,58.81347949,61.65762863,28.44991225,58.17915795,,70.65852778,30.83117743,36.50380064,7.055014298,23.85916565,27.66666667,33.33333333,,,63.50104184,38.47378398,,,63.0949006,99.81496706,64.28571429,,,,,,50.5063763,65.40572059,,73.17871403,0,6.807731043,,,,,,,56.31084103,54.56621838,52.11864407,,,,,,,,,,81.15038222,,,,,49.23392812,10.07349226,,,,,,91.65829146,,35,,,,,,,,,,61.94005801,55.58958276,,68.28828995,46.93943822,75.70942111,,,,,,,75.43035933,56.71641571,40.16326308,55.12820783,,,,,,,,,32.13929792,60.2454647,31.58801442,,,,,,,,,,50.24232571,56.17977769,,50.00000116,,20.72589074,48.28267838,19.79975138,21.92691036,,,,47.57878555,55.40540541,55.3699284,69.71428571,,,,,,,,
MAR,Morocco,,,35.26720673,60.2890094,54.42047358,26.02739726,54.16666667,68.67334869,2.997138098,56.55735486,16.29378857,41.42857143,38.9,0,71.42857143,50,51.69766213,49.52022426,24.49713386,62.31496869,,70.14236066,0.160599609,0.191900774,0.295894354,1.380377419,48,43.66666667,,,56.45156511,41.66508175,,,53.51787311,44.86630616,14.28571429,,,,,,12.50476764,12.6335763,,,0,6.891009209,,,,,,,59.94317585,45.38933443,28.53107345,,,,,,,,,,73.97415311,8.194094998,,,,39.3609694,13.80203623,,,,,,28.74371859,,49.83333333,,26.6129815,,,,,,,,42.34611666,47.61535712,,,9.936678032,65.72077185,,,,,,,1.721440305,18.9054723,49.54387311,55.89743661,,,,,,,,,9.773661864,49.25785885,36.95892033,,,,,,,,,,14.86268107,5.056179858,,4.268292747,,9.306501275,36.77824525,7.770511911,55.48172888,,,,22.75172944,8.108108108,5.871121718,55.42857143,,,,,,,,
MDA,Republic of Moldova,CIS and Balkans,Lower middle income,20.72801403,41.72098023,66.25944411,23.28767123,75,55.91631803,0,49.20725265,8.79296453,56.23376623,41.8,55.66666667,42.85714286,60,53.52876157,44.20260758,19.57286486,50.88732618,,47.50104088,26.45285332,26.66069106,23.50252409,37.9606675,12.33333333,14.66666667,,,41.12416785,39.18960107,,,37.87913607,74.13774648,59.52380952,,,,,,24.50153551,35.38675711,,32.2444865,0,5.54001657,,,,,,,36.6531159,37.27891969,39.40677966,,,,,,,,,,75.07685906,,,,,39.34080729,32.67519701,,,,,,70.85427136,,27.33333333,,,,,,,,,,44.71479214,33.21110702,,60.00000412,59.01932132,84.22247446,,,,,,,68.85758834,40.29850491,22.23966519,73.84615385,,,,,,,,,9.033882968,56.19679031,24.56408303,,,,,,,,,,40.06461814,44.38202491,,44.20731649,,8.389331413,26.53201838,21.38088093,51.49501538,,,,53.76633359,,7.637231504,56,,,,,,,,
MDG,Madagascar,,,5.513168585,37.59665161,51.79308382,13.69863014,16.66666667,64.14816376,24.41897762,54.35254403,1.921844385,0,4.9,11,66.85714286,60,56.1576791,50.36585825,65.44231341,52.01096236,,58.80747139,0.278003699,0.213382131,0.247500184,1.196935341,33.66666667,33.5,,,,,,,36.29318371,44.85270895,66.66666667,,,,,,4.078116061,0.172035868,,,0,6.204169767,,,,,,,50.32037201,44.46900292,32.34463277,,,,,,,,,,69.44116707,,,,,43.14324166,,,,,,,4.824120603,,39.16666667,,,,,,,,,,1.756364808,,,,2.484169508,2.043132804,,,,,,,6.885758237,0,33.24817772,89.74358985,,,,,,,,,0,52.37327031,19.22476838,,,,,,,,,,5.492730229,1.123595571,,3.963414625,,0.367847544,36.06234288,5.10279252,23.25581275,,,,4.707916987,,0.095465394,36.57142857,,,,,,,,
MEX,Mexico,Latin America and Caribbean,Upper middle income,45.76953327,67.893585,49.17231827,21.91780822,29.16666667,67.44654621,4.424735866,62.70612208,9.95119852,34.15584416,55.4,66.66666667,33.42857143,30,60.50690842,52.80346835,12.19896061,70.88960681,,71.13910666,0.927826017,0.767693173,4.980901154,19.60192693,38.66666667,43,,,59.62291195,42.00828266,,,52.56106553,60.57260162,32.14285714,,,,,,32.7350362,24.53298357,,40.00748585,41.48972026,0,,,,,,,55.42562318,49.99569431,57.34463277,,,,,,,,,,74.04696455,26.48952704,,,,46.5326924,54.05289864,,,,,,27.43718593,,39.16666667,,52.27139815,,,,,,,,47.40573638,43.72087977,,56.93693958,31.67722033,82.63337117,,,,,,,53.99060904,45.27362911,54.66457744,86.66666738,,,,,,,,,28.19416594,46.21958895,51.50235156,,,,,,,,,,37.64135487,11.23595554,,20.12195179,,4.053618389,49.96840218,9.315840858,13.95348812,,,,35.14604151,31.08108108,4.057279236,71.42857143,,,,,,,,
MKD,Macedonia,CIS and Balkans,Upper middle income,34.44893496,60.05857318,54.81003461,35.61643836,70.83333333,63.26047345,0,49.78089514,4.660175063,54.15584416,77.7,100,52.57142857,100,51.16063914,44.27865022,14.58356981,56.04057596,,50.54429034,12.01337443,17.38549281,14.79627601,37.38810273,19.16666667,26,,,57.26428197,59.12700221,,,46.79065221,65.81008267,38.0952381,,,,,,60.28041916,38.02576894,,,0,9.32200998,,,,,,,46.48673831,44.29664046,20.48022599,,,,,,,,,,86.52167487,,,,,36.47779122,30.48807758,,,,,,52.06030151,,51.16666667,,,,,,,,,,39.96132775,59.9544956,,35.31531722,42.52313687,90.12485812,,,,,,,68.07511575,47.76119121,41.73887981,0,,,,,,,,,26.82021878,52.77289581,38.18331192,,,,,,,,,,34.73344018,32.58427213,,38.71951103,,4.875475716,40.56884926,,100,,,,33.14757879,20.27027027,17.04057279,66.28571429,,,,,,,,
MLT,Malta,Europe,High income,72.09001417,67.28784383,91.11911098,52.05479452,,83.46708667,0,74.717617,16.45699427,88.31168831,29.2,72.33333333,57.14285714,80,67.13294533,47.74926217,17.47065261,70.238501,,61.792325,17.00577541,16.19559706,24.74189473,45.27584727,61.83333333,53.33333333,,,74.60393608,73.92544893,,,64.61605533,63.87973702,44.04761905,,,,,,28.83153478,36.66916595,,56.50594617,0,14.70129362,,,,,,,70.56240617,56.95188667,,,,,,,,,,,90.475577,,,,,45.13241567,51.28832049,,,,,,,,50.16666667,,,,,,,,,,67.37028682,74.97817657,,78.73874626,52.24874168,100,,,,,,,32.08137639,67.16417841,48.4535335,94.35897477,,,,,,,,,51.99395579,54.29096283,36.58947868,,,,,,,,,,33.76413425,48.31461096,,45.73170673,,19.2662642,49.4274755,13.98791495,0.332225993,,,,74.57724827,,64.82100239,78.85714286,,,,,,,,
MNE,Montenegro,,,40.23353214,58.64277749,79.34368224,35.61643836,75,47.75721203,0,57.96036645,8.856827629,,62.2,55.66666667,90.57142857,80,51.50469061,51.81757831,100,59.98509511,,61.91894472,14.38340842,21.94992215,16.85677948,42.96775516,35,41.5,,,64.19182115,55.76501127,,,55.9729542,,,,,,,,70.02242433,53.27456499,,38.57493239,0,,,,,,,,63.41501398,51.00483615,29.23728814,,,,,,,,,,85.02115082,,,,,51.99249823,22.69024733,,,,,,,,45.83333333,,,,,,,,,,48.19529488,77.64509433,,34.05405454,32.76505926,88.6492622,,,,,,,67.76212551,81.59203668,36.19337303,50.25641413,,,,,,,,,,47.053991,21.90513416,,,,,,,,,,41.19547556,30.33708049,,45.73170673,,8.190708211,49.4424332,12.89996655,29.568107,,,,37.75941583,32.43243243,50.7398568,,,,,,,,,
MUS,Mauritius,Sub-Saharan Africa,Upper middle income,63.31772686,69.43109569,89.31419427,46.57534247,56.66666667,74.26184514,0,66.14531292,8.024776136,47.92207792,82.6,100,57.14285714,80,62.5878734,58.03995424,26.11504189,65.56387278,,61.89478361,6.718936216,8.795027587,6.115192231,35.62621268,48.16666667,34.66666667,,,,,,,60.06913472,66.83346553,34.52380952,,,,,,18.50311047,37.10303862,,38.88750522,0,8.218886888,,,,,,,56.04427319,56.15478326,34.3220339,,,,,,,,,,77.77787028,,,,,47.67798556,,,,,,,,,65,,,,,,,,,,52.3364486,,,34.77477803,17.03198571,89.33030647,,,,,,,45.85289286,90.04975161,50.62317153,76.15384753,,,,,,,,,,50.55354424,15.34394729,,,,,,,,,,18.09369876,15.73033748,,10.0609756,,,39.78497417,2.505471311,11.29568177,,,,36.7217525,,35.17899761,56,,,,,,,,
MYS,Malaysia,Asia Pacific,Upper middle income,65.48744029,75.55451964,65.60786325,43.83561644,73.33333333,73.94231608,6.143504142,74.29022261,23.98070831,59.87012987,95.2,100,71.42857143,90,69.89695216,73.45926617,27.36784642,71.3654923,,67.85332261,25.11751222,15.03706229,25.22359181,41.88822269,60.5,60.5,,,66.51830315,0,,,72.83766707,74.85350454,28.57142857,,,,,,12.74647853,34.28484813,,38.05159337,45.70273003,21.793871,,,,,,,64.20078968,67.56463896,64.40677966,,,,,,,,,,83.21265613,16.77671546,,,,66.01788851,17.88801159,,,,,,53.26633166,,66.5,,23.77033543,,,,,,,,54.30228811,31.88219013,,,19.3213184,95.11918275,,,,,,,70.89201589,70.6467644,67.34493901,94.10256415,,,,,,,,,29.17728984,70.75988878,43.74707278,,,,,,,,,,39.41841521,42.13483327,,18.59756155,,17.8582859,64.65179797,15.14840011,6.644518663,,,,52.88239816,29.72972973,10.7398568,69.71428571,,,,,,,,
NAM,Namibia,Sub-Saharan Africa,Upper middle income,40.11516956,59.25776497,88.78770941,41.09589041,,59.8984801,0,64.78425561,,20.90909091,32.1,100,71.42857143,80,50.38142681,53.33222182,24.40164407,58.91661489,,68.17639304,7.808203949,5.984596751,4.698838125,16.85218446,41,41,,,77.59950995,50.25858425,,,58.06614692,71.48438611,53.57142857,,,,,,,5.584750605,,,0,36.33007306,,,,,,,40.33462704,50.29813696,56.49717514,,,,,,,,,,74.52709135,,,,,44.46120781,48.90827636,,,,,,9.145728643,,49.83333333,,,,,,,,,,29.16532388,10.46981531,,,5.942523137,23.15550511,,,,,,,20.18779235,25.37313233,44.1398719,36.15385059,,,,,,,,,,43.08230193,19.09084461,,,,,,,,,,10.82390896,22.47191108,,26.21951277,,,41.38816555,2.485352537,10.96345459,,,,7.475019216,68.91891892,3.914081146,49.14285714,,,,,,,,
NIC,Nicaragua,Latin America and Caribbean,Lower middle income,11.06977346,55.3313772,56.73120966,13.69863014,33.33333333,47.29220241,0,47.62061822,0.302605798,19.61038961,17.5,77.66666667,14.28571429,100,52.0566159,43.26693645,74.74568078,51.97328061,,51.25548849,1.213616893,1.000887301,2.53921584,11.72154495,39,37.66666667,,,78.6809441,70.41878288,,,44.37902566,78.719789,35.71428571,,,,,,3.039223665,14.38601558,,,0,,,,,,,,45.273134,47.44932727,43.36158192,,,,,,,,,,59.83028924,,,,,42.88183291,37.74179988,,,,,,21.30653266,,41.5,,,,,,,,,,39.8163068,46.3856548,,61.26125993,5.942523137,45.62996595,,,,,,,38.02816691,40.79601923,40.60080386,76.15384753,,,,,,,,,,44.88932151,19.88667387,,,,,,,,,,20.84006349,14.60674166,,10.0609756,,,34.28794244,2.022025373,35.2159469,,,,11.74096849,,,29.14285714,,,,,,,,
NLD,Netherlands,Europe,High income,88.11648505,74.23400566,94.33030672,89.04109589,33.33333333,83.41031566,38.14328207,78.04206361,46.24191983,88.31168831,75.8,83.33333333,42.85714286,30,77.95035446,84.20924475,4.681005402,66.15080905,,72.83351168,25.89028572,26.21197164,24.45742943,48.93866689,62.16666667,64,,,84.76046368,86.19261327,,,81.69862389,68.0123725,84.52380952,,,,,,100,74.83104007,,83.98169474,74.78934951,17.57294342,,,,,,,77.67810209,69.0822917,,,,,,,,,,,92.86082677,99.80420369,,,,75.98345838,59.6140903,,,,,,90.65326633,,46.66666667,,29.65360239,,,,,,,,84.0154689,82.45139505,,83.96396066,46.28998214,100,,,,,,,48.04381851,77.61194112,69.56922998,90.76923107,,,,,,,,,67.57898429,47.08067592,37.5104327,,,,,,,,,,51.85783147,41.01123878,,67.98780488,,35.16966634,79.27830665,75.60912342,5.647840289,,,,83.55111453,44.59459459,21.05011933,76,,,,,,,,
NOR,Norway,Europe,High income,90.77237473,77.99954815,97.74132588,93.15068493,,72.33619232,41.56181585,83.50988988,37.5354795,81.03896104,92.3,39,42.85714286,70,79.26195126,87.32696248,22.30478217,63.10936601,,70.10401185,31.35801803,27.1895555,38.55585432,57.59411903,67.5,77,,,95.90120236,94.64283229,,,85.65935941,77.85894583,100,,,,,,60.47013816,71.39354317,,74.10036988,58.91472868,25.85749537,,,,,,,70.70152867,70.01558361,,,,,,,,,,,92.92105675,69.18082186,,,,81.5763469,68.7261379,,,,,,93.16582915,,54.83333333,,31.86787409,,,,,,,,84.48275862,94.92926794,,79.81982462,67.39730476,100,,,,,,,50.70422653,78.60696027,66.76632057,87.43589738,,,,,,,,,86.08948114,46.69163041,24.45057221,,,,,,,,,,60.42003329,36.5168555,,66.76829384,,60.29258907,68.40782843,61.67388721,19.26910242,,,,63.93159108,20.27027027,37.23150358,69.71428571,,,,,,,,
NZL,New Zealand,Asia Pacific,High income,87.8391501,79.12170752,99.03887609,100,50,73.97971848,19.77941971,78.99139891,29.29141717,80.64935065,98.1,89,71.42857143,90,75.02192489,88.7631896,16.38419755,69.55832889,,79.38000328,56.41773758,52.66726095,66.99808747,71.71507628,55.16666667,37.83333333,,,96.84635563,97.13742744,,,88.17710351,73.59978881,65.47619048,,,,,,30.97508006,79.33685835,,79.83926275,58.71250421,55.65971777,,,,,,,69.27417614,65.86873154,,,,,,,,,,,87.56151482,61.36383916,,,,74.88183991,35.06491478,,,,,,,,63.33333333,,21.46341855,,,,,,,,81.85626813,61.16218209,,87.56756439,44.27666829,,,,,,,,48.04381851,58.70646349,46.7521581,92.05128231,,,,,,,,,52.12364858,61.18614953,22.28602736,,,,,,,,,,58.48142144,76.96629436,,50.60975377,,42.00363428,71.5521827,93.87442896,5.315614693,,,,60.60722521,36.48648649,71.78997613,73.14285714,,,,,,,,
PAK,Pakistan,Asia Pacific,Lower middle income,13.94846767,39.17922708,0,13.69863014,67.5,64.83225375,3.016794145,60.02964729,7.139619843,14.02597403,25.3,33.33333333,42.85714286,70,50.36860361,47.35350632,7.479087115,50.20651917,,47.32244618,3.955476441,2.931804046,10.5182795,28.08375647,27.66666667,31.66666667,,,70.23548877,32.42427955,,,49.35110639,,5.952380952,,,,,,7.456581638,5.78955865,,,19.7842939,0,,,,,,,54.44585014,37.15671188,0,,,,,,,,,,65.90846583,25.47888382,,,,36.46844326,19.7571067,,,,,,,,42.16666667,,20.581032,,,,,,,,14.45375443,23.25224297,,48.64864688,13.07030362,40.29511918,,,,,,,1.721440305,23.38308455,49.15669507,89.99999985,,,,,,,,,6.585739798,46.40344854,21.78697375,,,,,,,,,,40.54927264,71.34831659,,3.963414625,,1.44294261,42.76696333,8.574160127,15.94684329,,,,16.10299769,43.24324324,0.047732697,51.42857143,,,,,,,,
PAN,"Panama, excluding Canal Zone",Latin America and Caribbean,Upper middle income,45.5317413,59.79104851,61.94104704,23.28767123,,66.16508379,0,75.89179018,3.939597868,52.33766234,53.4,22.33333333,28.57142857,40,57.31641943,44.60481234,62.55381,80.82046384,,77.95913253,11.25519412,10.41900074,7.603574024,26.55707752,68.66666667,60.16666667,,,76.44564385,61.42043837,,,61.24775674,84.15175353,46.42857143,,,,,,28.79614742,39.08185881,,19.01201276,0,,,,,,,,55.67793939,55.43046958,5.790960452,,,,,,,,,,85.50733468,35.66154892,,,,43.88392018,79.25064646,,,,,,,,50.16666667,,29.24611993,,,,,,,,50.32226877,34.11473671,,41.26126199,,67.30987514,,,,,,,43.97495744,37.31343324,50.05235558,91.02564108,,,,,,,,,,41.17467624,45.21765586,,,,,,,,,,59.61227886,32.58427213,,29.26829326,,1.032142185,53.86226307,4.196217899,14.28571372,,,,18.10146042,17.56756757,67.15990453,72.57142857,,,,,,,,
PER,Peru,Latin America and Caribbean,Upper middle income,32.03644307,55.37255235,44.56819035,27.39726027,29.16666667,68.30960692,0,59.33378286,2.919390577,30.77922078,64.1,55.66666667,33.42857143,40,52.99501787,59.83840394,45.87653287,69.17090315,,70.42945496,0.766889091,0.79194743,0.506768908,2.486608421,51,49.66666667,,,61.62350765,64.22074224,,,54.91690185,,54.76190476,,,,,,0,39.96618118,,21.75533598,20.82912032,,,,,,,,55.14700867,46.29603729,74.15254237,,,,,,,,,,70.32228092,44.09907618,,,,44.49499544,39.96591481,,,,,,21.30653266,,42.16666667,,67.9555667,,,,,,,,31.32452465,31.82755044,,63.78378529,14.80759864,67.76390465,,,,,,,72.76995131,41.2935288,40.36417657,93.07692354,,,,,,,,,15.88876585,47.57091115,20.33804118,,,,,,,,,,24.39418418,3.932584371,,26.82926829,,,31.0886504,1.50312187,13.28903693,,,,32.24442736,33.78378378,18.13842482,46.28571429,,,,,,,,
PHL,Philippines,Asia Pacific,Lower middle income,38.77495653,66.87596744,37.26362124,24.65753425,12.5,67.8432109,7.153745803,70.29982841,2.012488784,25.06493506,27.2,44.33333333,62,70,63.42565724,66.35353348,12.46139334,65.28302922,,62.86140957,0.261664141,0.283952185,0.602365581,3.251638268,37.33333333,40.5,,,54.09583445,59.53009785,,,60.72135145,69.27250109,52.38095238,,,,,,,25.06230326,,,28.34512976,0,,,,,,,62.42098946,59.22411947,37.57062147,,,,,,,,,,86.58988311,11.52780905,,,,59.33587068,91.69006975,,,,,,25.92964824,,51,,16.53077476,,,,,,,,29.66484048,60.72734313,,,18.59068031,70.71509648,,,,,,,44.91392813,11.442786,50.56913373,80.51282123,,,,,,,,,8.188711655,53.91855875,52.51039695,,,,,,,,,,45.23424767,71.34831659,,13.10975609,,0.667407741,39.93868194,1.782610174,30.23255819,,,,29.63105304,59.45945946,1.145584726,70.28571429,,,,,,,,
POL,Poland,Europe,High income,55.57954815,46.95574441,90.91856646,57.53424658,58.33333333,72.45704713,3.966507685,52.47556614,17.04847186,64.67532468,61.2,89,57.14285714,70,52.16629298,52.25548747,9.555036415,59.65087767,,62.84187179,2.747397338,3.836143401,5.154092702,21.2777462,24,27.5,,,43.45349808,38.34189278,,,50.54200558,90.0022662,48.80952381,,,,,,60.01168482,71.83110077,,84.73941445,32.28850691,3.55677438,,,,,,,49.39329718,49.80179961,79.0960452,,,,,,,,,,67.59131259,10.14719422,,,,46.11509194,30.79749702,,,,,,81.30653266,,38.33333333,,29.25475249,,,,,,,,70.77022237,71.77486638,,76.57657577,33.44698815,87.85471056,,,,,,,84.19405597,52.23880583,40.13098477,65.38461768,,,,,,,,,41.78127313,53.70419512,42.91243675,,,,,,,,,,45.55735067,34.26966385,,52.13414401,,18.25361543,49.94241701,33.32698944,29.90033101,,,,34.2236741,72.97297297,2.386634845,73.14285714,,,,,,,,
PRT,Portugal,Europe,High income,66.17797797,58.63443601,84.00615443,60.2739726,,65.04282411,15.5940131,75.61524636,33.74787123,71.68831169,72.9,39,47.71428571,60,51.30801027,53.49286019,33.33114725,68.13518008,,55.58102345,16.90996814,17.25651773,23.86477016,48.16345336,36.5,30.16666667,,,82.95138923,84.12104685,,,55.49262969,76.31462592,50,,,,,,52.22625964,64.0258829,,70.67227032,36.83855747,10.2757254,,,,,,,75.25143624,50.11923229,38.70056497,,,,,,,,,,81.68680008,72.14553043,,,,40.36348275,64.14173718,,,,,,91.95979899,,23.16666667,,81.97760823,,,,,,,,80.87334837,57.02636059,,59.81981981,62.67251177,100,,,,,,,17.99686968,40.79601923,52.71663512,57.17948784,,,,,,,,,41.33967861,39.35492078,35.70885442,,,,,,,,,,31.98707391,34.8314611,,42.68292624,,48.85398409,69.69329217,63.06429166,34.88371971,,,,45.13835511,47.2972973,17.13603819,71.42857143,,,,,,,,
PRY,Paraguay,,,10.78955218,44.82566686,45.11129943,8.219178082,,69.68744749,0,54.72691464,0.872566793,27.53246753,26.3,55.66666667,42.85714286,40,54.84735845,37.56238333,14.42400152,51.60740068,,57.57105343,8.177589438,7.044342955,5.705758755,20.76638178,28.33333333,35.5,,,69.5473661,94.2223549,,,52.27558826,,55.95238095,,,,,,20.79761717,31.57961069,,,0,,,,,,,,36.85681671,43.46221812,66.66666667,,,,,,,,,,72.20830966,,,,,32.02782406,45.68330971,,,,,,11.95979899,,57.16666667,,,,,,,,,,21.97873026,27.48063958,,58.73874144,,66.85584563,,,,,,,28.63849577,20.89552245,35.94564478,82.82051369,,,,,,,,,,41.37731763,19.86957465,,,,,,,,,,26.65589595,18.53932637,,17.37804906,,0.337184874,17.39557329,0.442346804,19.26910242,,,,24.48116833,,,41.71428571,,,,,,,,
ROM,Romania,Europe,Upper middle income,27.55314377,37.01575912,67.40350961,34.24657534,62.5,56.6515898,1.931132331,54.5738469,10.52894212,56.23376623,43.7,66.66666667,33.42857143,70,38.54418721,37.90189897,13.52040636,56.79171136,,51.51422332,1.353763227,1.278099919,4.802767065,19.00084322,19.5,18,,,73.2476156,49.86959593,,,32.13664551,79.29164326,63.0952381,,,,,,67.20175153,49.21323034,,49.99604594,16.27906977,6.587227895,,,,,,,45.2423968,35.73022663,30.2259887,,,,,,,,,,74.71556169,32.06506139,,,,40.26313823,27.08081901,,,,,,67.73869347,,18.83333333,,14.12064785,,,,,,,,40.13857557,47.82591835,,42.34234036,38.59392759,68.33144154,,,,,,,76.83880642,30.84577084,41.32566534,83.07692369,,,,,,,,,21.2563225,44.37484217,42.69981552,,,,,,,,,,28.4329563,11.79775278,,42.07317073,,7.909346633,45.62849197,20.50434015,13.95348812,,,,44.63873943,48.64864865,19.52267303,70.28571429,,,,,,,,
RUS,Russia,CIS and Balkans,Upper middle income,24.35775625,42.08935788,45.55499748,13.69863014,50,58.10163304,9.084975976,48.9559165,25.100716,68.18181818,34,66.66666667,57.14285714,60,48.59338215,46.97897045,22.49345576,45.53489287,,39.84333487,19.72576191,15.90273022,14.20134858,34.93701417,33.33333333,29.83333333,,,54.54268759,57.86724817,,,48.54534912,,54.76190476,,,,,,33.27764242,73.8592805,,67.71449211,49.81462757,4.966036727,,,,,,,43.9202937,46.83065565,56.21468927,,,,,,,,,,73.40393606,4.310332205,,,,41.19033816,11.70145888,,,,,,64.92462312,,32.66666667,,22.85749092,,,,,,,,44.85981308,26.92530961,,70.99099274,69.83114142,66.40181612,,,,,,,46.79186356,72.63681218,34.38227448,81.02564123,,,,,,,,,30.66758088,53.50035641,23.88392607,,,,,,,,,,87.23747766,39.32584438,,55.79268292,,34.09598321,45.0826302,20.0001946,8.637873827,,,,30.76479631,24.32432432,20.38186158,63.42857143,,,,,,,,
SAU,Saudi Arabia,Middle East and North Africa,High income,37.29346497,69.99298251,54.48967839,38.35616438,50,78.09375088,0,79.68421657,1.416433189,68.57142857,76.7,100,81.14285714,100,58.74613801,62.51274704,17.61082386,74.92069648,,53.546507,94.61042936,41.02511693,97.33814988,73.54775472,64.5,60.66666667,,,28.7741311,73.24515937,,,73.17739654,58.43670668,3.571428571,,,,,,7.359358868,48.53073297,,,43.95011796,13.79455837,,,,,,,55.6721665,52.29559364,,,,,,,,,,,84.52063812,16.61784361,,,,60.36327347,47.71014269,,,,,,,,65.83333333,,41.93179159,,,,,,,,66.14566549,78.72966422,,,15.11609027,100,,,,,,,28.0125183,54.22885361,61.4279967,83.58974369,,,,,,,,,77.30761107,58.68486595,19.71152238,,,,,,,,,,33.44103433,22.47191108,,23.7804878,,,57.57780647,5.8002923,32.89036614,,,,42.10222905,82.43243243,,61.14285714,,,,,,,,
SGP,Singapore,Asia Pacific,High income,98.20742305,87.74996767,98.56605853,93.15068493,48.33333333,77.40157833,85.3588429,80.55902333,47.41159882,88.7012987,100,100,42.85714286,100,83.83054267,81.77150068,100,80.08524015,,85.02442052,87.35463192,100,91.66891669,82.99510306,83.5,69,,,79.91889052,61.46387911,,,82.54307945,,100,,,,,,23.76701142,,,100,57.46545332,77.68688196,,,,,,,79.14217407,70.5019398,,,,,,,,,,,88.79928628,75.74212524,,,,60.22857067,2.291008284,,,,,,61.90954774,,83.66666667,,33.53285371,,,,,,,,90.50918466,95.56922076,,,31.06023705,100,,,,,,,61.65884286,100,69.96802057,92.56410292,,,,,,,,,80.73428359,70.61902758,47.61238633,,,,,,,,,,47.49595944,100,,41.158536,,69.10762127,77.01286467,48.90332735,6.312292275,,,,61.39508071,39.18918919,38.23389021,85.14285714,,,,,,,,
SLV,El Salvador,Latin America and Caribbean,Lower middle income,32.45495191,39.23293483,70.81474598,27.39726027,,59.21369816,0,54.75080803,1.041266092,32.07792208,20.4,66.66666667,14.28571429,100,53.63623701,49.62544714,19.58396357,47.7210012,,49.8177335,1.397100849,1.228866165,1.83659084,9.974446992,46.83333333,41.16666667,,,57.81164066,57.59260558,,,35.48441081,72.3958813,30.95238095,,,,,,31.92334629,21.26272283,,,0,0,,,,,,,47.48158987,48.5776859,78.95480226,,,,,,,,,,67.21318808,,,,,46.36901034,23.95735706,,,,,,22.51256281,,36.5,,,,,,,,,,29.29423139,41.48750327,,63.42342354,25.7834064,65.94778661,,,,,,,0,30.84577084,51.13438419,46.92307799,,,,,,,,,,40.82602402,24.46388502,,,,,,,,,,19.06300468,5.617977769,,11.8902436,,,32.5327041,0.324346077,11.29568177,,,,23.82782475,60.81081081,2.14797136,56.57142857,,,,,,,,
SRB,Serbia,CIS and Balkans,Upper middle income,33.29427989,41.92336186,60.17743729,32.87671233,70.83333333,47.11919406,0,45.33994021,16.31850977,56.36363636,33.1,22.33333333,81.14285714,80,37.00271178,35.8277406,15.5255862,48.66190051,,47.66213503,11.70853553,14.63578329,8.376547626,24.04472772,9.833333333,14,,,79.64061952,73.46701547,,,34.23011932,72.28049789,46.42857143,,,,,,78.00515151,50.01807373,,52.72136594,3.977081227,13.77322973,,,,,,,43.65757615,33.57592867,44.20903955,,,,,,,,,,67.0626341,14.05055502,,,,28.72421122,27.7507939,,,,,,44.72361809,,29.16666667,,4.648932638,,,,,,,,70.12568482,56.57175416,,,34.16138984,96.82179342,,,,,,,76.05633382,69.65174051,32.69804667,33.58974812,,,,,,,,,25.96839266,39.95125231,,,,,,,,,,,33.27948283,28.65168609,,35.36585423,,13.22611611,44.6282292,54.98579439,51.82724256,,,,37.64411991,43.24324324,7.875894988,,,,,,,,,
SVK,Slovakia,Europe,High income,60.23072382,32.3410937,91.67334097,39.7260274,45.83333333,74.53863278,0,61.45857667,15.03003168,62.33766234,59.3,66.66666667,85.71428571,70,50.09357425,52.66375886,25.75211702,68.58893879,,81.55221088,5.449849862,5.836602154,7.315525973,24.39522996,25.33333333,23.16666667,,,54.90037701,49.09418426,,,56.25010377,84.90835143,50,,,,,,71.70502969,52.79920843,,63.66956875,0,13.8103137,,,,,,,44.186613,46.28170846,41.38418079,,,,,,,,,,81.0772363,12.30695542,,,,41.47725766,21.71170253,,,,,,78.79396985,,28.83333333,,21.71352259,,,,,,,,78.69803416,48.56012124,,61.80180599,48.57931482,99.65947787,,,,,,,100,91.54228507,47.27460022,67.69230891,,,,,,,,,47.14186841,59.94910608,51.67307264,,,,,,,,,,31.98707391,29.77528325,,34.75609872,,30.76385228,43.38921176,29.35384353,17.94020003,,,,41.42966949,54.05405405,24.24821002,74.85714286,,,,,,,,
SVN,Slovenia,Europe,High income,65.73674508,40.36411726,88.08737781,53.42465753,,70.52811548,0,63.61611686,56.93681444,74.67532468,71.9,22.33333333,52.57142857,80,47.1491851,48.53159006,7.045371547,48.18591079,,36.75663885,30.01926785,20.48017809,20.39994469,40.42225013,25,31.16666667,,,73.65221783,55.11539218,,,59.82356625,76.27291817,57.14285714,,,,,,73.64385435,83.78330479,,75.36435868,8.190091001,6.589442929,,,,,,,54.16497375,44.08024724,62.28813559,,,,,,,,,,80.0908584,,,,,48.62512343,47.08371288,,,,,,87.33668342,,28.33333333,,,,,,,,,,81.888495,90.30641231,,61.98198342,41.1430427,100,,,,,,,76.36932406,66.6666641,41.74934779,81.53846123,,,,,,,,,48.60460854,41.81916296,41.77817388,,,,,,,,,,47.01130802,46.62921655,,58.84146341,,46.56628654,64.44659207,72.60938046,14.28571372,,,,51.49884704,50,20.66825776,78.28571429,,,,,,,,
SWE,Sweden,Europe,High income,92.1769031,74.49071546,94.15499193,97.26027397,,76.10197958,94.60702172,87.23899747,76.67806589,89.48051948,87.4,66.66666667,57.14285714,60,77.54201447,84.809115,22.58098355,67.2667977,,72.81467579,35.11414664,35.04831145,36.52745481,55.93090979,56.83333333,68.16666667,,,92.66443559,93.15652881,,,76.42871619,82.420472,91.66666667,,,,,,66.63933496,72.28050796,,68.11600881,71.11560499,28.14916331,,,,,,,73.05126281,70.4624378,,,,,,,,,,,92.39066533,60.89023598,,,,82.30454064,76.34499212,,,,,,88.74371859,,56.5,,23.87513356,,,,,,,,84.56332581,87.34690589,,66.48648808,61.08134437,100,,,,,,,60.09389767,78.60696027,63.7660076,84.10256492,,,,,,,,,71.86361977,48.51783361,42.50307852,,,,,,,,,,54.92730075,30.89887773,,76.21951452,,56.85359647,74.68388249,84.87321376,9.966777797,,,,77.3443505,47.2972973,30.45346062,80,,,,,,,,
THA,Thailand,Asia Pacific,Upper middle income,42.49476008,57.2513476,36.164867,23.28767123,52.5,71.93569555,2.33161532,66.95105549,5.238376458,32.72727273,84.5,55.66666667,71.42857143,100,62.9239767,56.8932919,19.80442109,66.37170938,,61.79653963,10.394405,9.095324001,24.27409835,47.45695999,51.83333333,55.5,,,20.665674,4.868909668,,,58.85026166,67.86533459,53.57142857,,,,,,31.73913472,49.0144916,,48.70146216,37.74856758,2.985295384,,,,,,,58.25556711,54.01362977,100,,,,,,,,,,81.90337377,7.151169017,,,,50.0455544,40.5532664,,,,,,22.11055276,,50.66666667,,23.29748971,,,,,,,,43.86077989,72.92902982,,,5.049521026,92.50851305,,,,,,,6.259780758,13.9303481,55.64194269,100,,,,,,,,,14.21297186,56.67633826,44.6701942,,,,,,,,,,27.62520187,14.60674166,,14.02439082,,3.454808975,47.29663138,12.80539527,0,,,,34.5311299,64.86486486,3.961813842,68,,,,,,,,
TTO,Trinidad & Tobago,,,48.08731327,58.10349703,68.33512401,27.39726027,,62.40260029,0,61.37965856,0.663352195,54.41558442,48.6,100,42.85714286,80,41.44777637,56.38149104,77.57177016,61.55859539,,59.5704727,4.780197369,5.464306329,6.325630594,23.58585044,51.66666667,40,,,81.3668781,76.77999914,,,58.86122818,76.47236801,47.61904762,,,,,,1.739467636,8.292310481,,38.40993173,0,20.66673979,,,,,,,64.47013092,51.81282989,38.13559322,,,,,,,,,,80.24702462,60.12450348,,,,38.66677607,20.57215877,,,,,,75.9798995,,55.66666667,,,,,,,,,,42.97454077,66.08462799,,35.67567896,18.94788115,91.03291714,,,,,,,82.15962245,53.73133929,42.00240919,89.99999985,,,,,,,,,52.41023277,38.38883445,24.87456335,,,,,,,,,,17.9321488,44.94382215,,9.451219359,,,37.86065958,7.57384312,2.325581156,,,,26.4027671,8.108108108,,60.57142857,,,,,,,,
TUN,Tunisia,,,36.1180616,47.29801778,47.8985249,31.50684932,45.83333333,64.4190999,4.896162562,61.52753943,24.7319581,32.07792208,57.3,83.33333333,42.85714286,20,47.20068626,47.94283182,33.45582102,60.45659712,,60.77659984,0.589359584,0.59983737,0.702947969,3.609818415,30.33333333,39.66666667,,,26.07520763,61.844695,,,51.68877318,65.41139996,,,,,,,28.68809472,32.28732457,,31.08189292,0,1.900321287,,,,,,,55.16690386,42.99299248,,,,,,,,,,,83.33729229,18.28547269,,,,39.68017092,3.553377114,,,,,,65.32663317,,44.5,,23.47096043,,,,,,,,53.78665807,51.42625279,,,19.71099204,88.42224745,,,,,,,42.87950058,,44.86948405,49.48718046,,,,,,,,,19.85989094,41.79296523,38.9419364,,,,,,,,,,31.34087099,,,,,19.99019906,39.10898564,34.54682775,92.35880653,,,,36.31821676,55.40540541,7.112171838,62.85714286,,,,,,,,
TUR,Turkey,Europe,Upper middle income,48.12098344,62.77184382,36.48615217,43.83561644,50.83333333,79.86449762,1.846728991,72.38749768,18.80917065,47.14285714,46.7,66.66666667,42.85714286,90,52.90055348,54.92450778,15.51971616,64.49975765,,50.80048414,6.527679086,5.596551995,5.764313228,19.54360434,36.5,37.83333333,,,38.3002287,44.35702936,,,56.71101207,41.0526265,15.47619048,,,,,,47.46612513,58.5920701,,59.52256843,30.70441523,2.91252077,,,,,,,46.07021241,50.80940603,35.59322034,,,,,,,,,,80.67361295,27.79384876,,,,43.59726521,18.54439406,,,,,,58.3919598,,38,,35.87409263,,,,,,,,47.21237512,46.3970475,,62.88288436,27.65059263,89.78433598,,,,,,,15.33646166,26.36815859,56.9906428,77.69230754,,,,,,,,,33.39273472,51.04389983,36.70603322,,,,,,,,,,29.56381064,46.62921655,,21.03658507,,9.608288664,45.79341529,26.23833661,24.91694231,,,,37.39431207,66.21621622,3.627684964,65.71428571,,,,,,,,
TZA,Tanzania,Sub-Saharan Africa,Low income,16.75838139,52.12242168,66.33762836,20.54794521,54.16666667,53.04494664,6.789079618,48.82179734,9.446931824,5.064935065,5.9,44.33333333,71.42857143,50,47.51728606,47.28946028,45.0173507,59.25197278,,55.02633579,2.210019381,2.165381615,0.956298058,5.188926231,35.66666667,38.16666667,,,50.49366377,31.34751142,,,39.63916226,,63.0952381,,,,,,22.68352519,0,,,0,2.287595126,,,,,,,37.74370152,45.44210914,45.19774011,,,,,,,,,,56.30936532,29.63271398,,,,41.66563547,58.91545075,,,,,,,,41.33333333,,,,,,,,,,17.04801805,48.13365704,,,0,0,,,,,,,,5.970148678,41.91789843,,,,,,,,,,1.492794337,40.29737613,23.08092159,,,,,,,,,,,1.123595571,,1.219512259,,,39.96354136,5.785188719,,,,,12.25980015,,,33.14285714,,,,,,,,
UGA,Uganda,Sub-Saharan Africa,Low income,20.27899434,53.32609481,43.88471854,10.95890411,33.33333333,67.03290689,10.14421119,51.72006295,8.924124229,6.103896104,10.7,100,100,100,51.66128251,48.16032492,54.32265585,62.57104634,,70.2262641,5.061339998,4.74571597,2.884741987,14.46891561,32.66666667,27.83333333,,,68.26711768,59.23803258,,,47.30185956,22.04828456,67.85714286,,,,,,13.36542856,5.302063481,,,0,18.55138149,,,,,,,46.55917536,42.3735294,43.07909605,,,,,,,,,,54.13171109,8.573377529,,,,38.85902902,68.92972279,,,,,,9.849246231,,42.33333333,,,,,,,,,,21.86593619,23.35598443,,,1.769767819,26.22020431,,,,,,,,15.42288512,39.77153437,,,,,,,,,,1.658630739,37.42246279,28.18501423,,,,,,,,,,,0.561797785,,3.353658382,,,42.57635202,10.90193428,,,,,30.43812452,5.405405405,5.441527446,36,,,,,,,,
UKR,Ukraine,CIS and Balkans,Lower middle income,19.84090638,35.24125578,63.25492176,9.589041096,62.5,58.94581877,0,55.67935651,16.17819407,49.22077922,23.4,55.66666667,42.85714286,50,45.50062614,39.07155667,34.6272928,43.4394327,,42.78852614,25.2038758,24.78858515,27.89523486,42.51080652,18.83333333,16.83333333,,,52.26480436,45.90721146,,,31.7195595,62.64176417,53.57142857,,,,,,18.21454523,78.22239788,,,23.15470172,6.516096694,,,,,,,43.35560545,44.41364869,28.38983051,,,,,,,,,,71.9816815,9.776939951,,,,35.83278559,12.94941317,,,,,,61.90954774,,22.83333333,,15.6365372,,,,,,,,37.70544634,37.71897938,,,56.97353466,93.53007946,,,,,,,,54.72636793,31.183256,,,,,,,,,,13.34790926,58.37248821,37.50870081,,,,,,,,,,,42.13483327,,39.02439024,,13.57505066,43.44522965,17.68875867,,,,,36.58724058,,4.248210024,58.85714286,,,,,,,,
URY,Uruguay,Latin America and Caribbean,Upper middle income,49.30111798,49.49355886,83.09535927,75.34246575,,57.7436443,9.608122634,57.02349075,8.74512443,63.63636364,37.9,66.66666667,71.42857143,100,38.98995424,50.33751651,42.03971968,70.12214107,,76.64886778,4.755114873,5.23590718,4.401434553,17.78801508,27,38.16666667,,,92.769999,91.4167028,,,61.13546842,85.39746523,48.80952381,,,,,,31.42292953,61.14030043,,37.80201032,7.28008089,,,,,,,,52.82666446,46.02870133,39.26553672,,,,,,,,,,80.46454357,42.76331292,,,,39.46364756,71.42623425,,,,,,78.3919598,,32.83333333,,49.62955408,,,,,,,,45.1176281,40.24986378,,71.71171624,60.52930671,98.75141884,,,,,,,72.61345918,27.36318248,40.9594769,89.23076984,,,,,,,,,24.26379643,22.81967789,23.55249929,,,,,,,,,,31.82552549,33.14606937,,28.04877932,,5.656426698,43.21834994,19.24016694,9.966777797,,,,39.08531899,25.67567568,14.08114558,54.28571429,,,,,,,,
USA,United States,North America,High income,79.84964618,53.68656692,81.21320752,75.34246575,66.66666667,80.3144732,100,83.22654288,62.898286,74.80519481,97.1,100,71.42857143,100,60.9773098,76.10487475,12.12395878,64.51238467,,67.43109832,35.09985676,33.47416061,25.9373484,47.68536601,79,78,,,88.95607566,87.2475246,,,76.45753015,71.88193572,95.23809524,,,,,,,94.35591885,,72.44317136,99.76407145,12.0622582,,,,,,,74.79768074,66.0784557,,,,,,,,,,,89.79690699,91.5768113,,,,69.9711371,68.87042037,,,,,,92.16080402,,52,,69.9328504,,,,,,,,67.53142121,73.59442382,,74.41441903,39.19467446,99.54597049,,,,,,,28.79499089,,70.56958308,,,,,,,,,,93.12044549,63.21940373,38.45958455,,,,,,,,,,100,85.39326102,,63.71951335,,50.90582452,82.57580498,50.8902562,,,,,70.73405073,45.94594595,,77.71428571,,,,,,,,
VEN,Venezuela,Latin America and Caribbean,Upper middle income,3.981639348,11.41812683,41.41767432,2.739726027,8.333333333,34.0596172,0,51.61129823,,34.41558442,0,33.33333333,52.57142857,0,32.77249882,56.41391532,10.62297365,38.52627973,,40.20063608,9.885862796,13.15689811,3.41768932,19.91678651,8,13.5,,,64.24893907,67.3592808,,,36.12381167,76.17260259,40.47619048,,,,,,10.99895523,76.37267426,,38.45426487,24.13211999,0,,,,,,,53.63879774,44.01130081,48.72881356,,,,,,,,,,80.70719866,24.11742008,,,,39.14607667,45.36975226,,,,,,33.5678392,,41.66666667,,34.3735395,,,,,,,,51.86915888,0,,62.70270692,,89.6708286,,,,,,,26.44757311,,27.67074253,81.28205245,,,,,,,,,22.4567499,29.61987108,19.63453657,,,,,,,,,,45.71889909,,,,,1.809826115,28.92031495,2.436559617,23.25581275,,,,24.86548809,25.67567568,,60,,,,,,,,
VNM,Viet Nam,Asia Pacific,Lower middle income,28.22399316,59.1344061,71.82924698,17.80821918,50,70.10195276,1.589542864,46.08255772,3.915334469,33.24675325,31.1,89,33.42857143,70,56.36246122,42.86644236,45.18738534,52.02701951,,53.52594398,0,0,0,0,41.66666667,33.83333333,,,65.65359009,47.25601628,,,45.33344659,20.0856817,63.0952381,,,,,,,21.34637188,,82.78637187,0,0,,,,,,,38.63561171,45.18488634,55.2259887,,,,,,,,,,68.35195748,0.108512141,,,,39.50957138,8.078585029,,,,,,20.30150754,,39.33333333,,16.67644006,,,,,,,,20.23847889,66.63561213,,,19.74346485,71.39614075,,,,,,,,12.93532303,48.04889691,,,,,,,,,,4.637683351,61.19165407,35.98931685,,,,,,,,,,,3.932584371,,10.0609756,,1.048972599,40.00336911,4.601451525,,,,,37.3366641,54.05405405,,62.85714286,,,,,,,,
YEM,Yemen,Middle East and North Africa,Lower middle income,0,37.78559607,6.145304171,0,41.66666667,55.9594366,0,51.251616,,7.922077922,9.8,89,42.85714286,70,52.6670206,30.6256514,11.93262948,41.28804753,,28.78991893,3.943641234,2.462661971,4.374520262,14.02997259,19.5,18,,,0,9.413937545,,,37.59824313,11.19913402,13.0952381,,,,,,1.500387165,6.572385327,,,0,15.21621777,,,,,,,30.25089113,38.48262493,3.95480226,,,,,,,,,,60.57971107,,,,,46.54250053,20.42127192,,,,,,9.949748744,,30.16666667,,,,,,,,,,7.331614567,59.28552534,,,3.068679981,46.65153235,,,,,,,17.05790197,,30.25505807,,,,,,,,,,6.502252671,44.09859593,18.01694943,,,,,,,,,,13.40872373,14.60674166,,40.54878048,,,16.045319,1.636867497,,,,,0.345887779,74.32432432,,57.14285714,,,,,,,,
ZAF,South Africa,Sub-Saharan Africa,Upper middle income,45.87120654,43.01292543,65.57496096,32.87671233,63.33333333,71.06631337,2.686831976,73.09809533,19.50388214,34.54545455,65.1,44.33333333,42.85714286,70,26.67755851,77.58650734,12.82689675,65.84597592,,71.1011808,15.85899062,9.1397409,9.735167935,27.55570695,45.33333333,46.16666667,,,72.45206476,48.38435664,,,59.72578444,,42.85714286,,,,,,10.45856843,,,,44.96124031,,,,,,,,69.50178989,65.68485946,48.30508475,,,,,,,,,,75.04498272,32.97301966,,,,58.36719772,46.2719493,,,,,,6.231155779,,61.66666667,,36.14858216,,,,,,,,44.95649372,1.298843181,,72.61261717,12.17730151,70.48808173,,,,,,,32.08137639,52.23880583,52.5195973,32.82051445,,,,,,,,,25.20001301,29.55982754,33.71893166,,,,,,,,,,26.65589595,47.75281104,,16.76829209,,4.081200046,62.91121759,18.88248991,24.5847183,,,,31.99461952,77.02702703,31.07398568,63.42857143,,,,,,,,
